org.apache.zookeeper.SaslAuthTest#testAuth	1
org.apache.zookeeper.SaslAuthTest#testValidSaslIds	2
org.apache.zookeeper.SaslAuthTest#testInvalidSaslIds	3
org.apache.zookeeper.SaslAuthTest#testZKOperationsAfterClientSaslAuthFailure	4
org.apache.zookeeper.SaslAuthTest#testThreadsShutdownOnAuthFailed	4
org.apache.zookeeper.MultiResponseTest#testEmptyRoundTrip	1
org.apache.zookeeper.ClientReconnectTest#testClientReconnect	1
org.apache.zookeeper.ZooKeeperTest#testDeleteRecursive	1
org.apache.zookeeper.ZooKeeperTest#testDeleteRecursiveAsync	2
org.apache.zookeeper.ZooKeeperTest#testStatWhenPathDoesNotExist	2
org.apache.zookeeper.ZooKeeperTest#testParseWithExtraSpaces	1
org.apache.zookeeper.ZooKeeperTest#testParseWithQuotes	2
org.apache.zookeeper.ZooKeeperTest#testParseWithMixedQuotes	2
org.apache.zookeeper.ZooKeeperTest#testParseWithEmptyQuotes	1
org.apache.zookeeper.ZooKeeperTest#testParseWithMultipleQuotes	1
org.apache.zookeeper.ZooKeeperTest#testNonexistantCommand	1
org.apache.zookeeper.ZooKeeperTest#testCreateCommandWithoutPath	1
org.apache.zookeeper.ZooKeeperTest#testCreateEphemeralCommandWithoutPath	1
org.apache.zookeeper.ZooKeeperTest#testCreateSequentialCommandWithoutPath	1
org.apache.zookeeper.ZooKeeperTest#testCreateEphemeralSequentialCommandWithoutPath	1
org.apache.zookeeper.ZooKeeperTest#testCreateNodeWithoutData	2
org.apache.zookeeper.ZooKeeperTest#testACLWithExtraAgruments	1
org.apache.zookeeper.ZooKeeperTest#testCreatePersistentNode	1
org.apache.zookeeper.ZooKeeperTest#testDelete	1
org.apache.zookeeper.ZooKeeperTest#testDeleteNonexistantNode	1
org.apache.zookeeper.ZooKeeperTest#testStatCommand	1
org.apache.zookeeper.ZooKeeperTest#testInvalidStatCommand	2
org.apache.zookeeper.ZooKeeperTest#testSetData	1
org.apache.zookeeper.ZooKeeperTest#testCheckInvalidAcls	1
org.apache.zookeeper.ZooKeeperTest#testDeleteWithInvalidVersionNo	1
org.apache.zookeeper.ZooKeeperTest#testCliCommandsNotEchoingUsage	2
org.apache.zookeeper.ZooKeeperTest#testRedoWithNegativeCmdNumber	1
org.apache.zookeeper.ZooKeeperTest#testSortedLs	1
org.apache.zookeeper.ZooKeeperTest#testLsrCommand	1
org.apache.zookeeper.ZooKeeperTest#testLsrRootCommand	1
org.apache.zookeeper.ZooKeeperTest#testLsrLeafCommand	1
org.apache.zookeeper.ZooKeeperTest#testLsrNonexistantZnodeCommand	2
org.apache.zookeeper.ZooKeeperTest#testSetAclRecursive	1
org.apache.zookeeper.ZooKeeperTest#testClientReconnectWithZKClientConfig	1
org.apache.zookeeper.ZooKeeperTest#testSyncCommand	1
org.apache.zookeeper.MultiTransactionRecordTest#testRoundTrip	1
org.apache.zookeeper.MultiTransactionRecordTest#testEmptyRoundTrip	1
org.apache.zookeeper.CustomHostProviderTest#testZooKeeperWithCustomHostProvider	1
org.apache.zookeeper.ClientCanonicalizeTest#testClientCanonicalization	1
org.apache.zookeeper.ClientCanonicalizeTest#testClientNoCanonicalization	1
org.apache.zookeeper.ClientCanonicalizeTest#testClientCanonicalizationToIp	1
org.apache.zookeeper.RemoveWatchesCmdTest#testRemoveWatchesWithNoPassedOptions	1
org.apache.zookeeper.RemoveWatchesCmdTest#testRemoveNodeDataChangedWatches	1
org.apache.zookeeper.RemoveWatchesCmdTest#testRemoveNodeCreatedWatches	1
org.apache.zookeeper.RemoveWatchesCmdTest#testRemoveNodeChildrenChangedWatches	1
org.apache.zookeeper.RemoveWatchesCmdTest#testRemoveNodeDeletedWatches	1
org.apache.zookeeper.RemoveWatchesCmdTest#testRemoveAnyWatches	1
org.apache.zookeeper.RemoveWatchesCmdTest#testRemoveWatchesLocallyWhenNoServerConnection	1
org.apache.zookeeper.ClientCnxnSocketTest#testWhenInvalidJuteMaxBufferIsConfiguredIOExceptionIsThrown	3
org.apache.zookeeper.ClientRequestTimeoutTest#testClientRequestTimeout	6
org.apache.zookeeper.ServerConfigTest#testFewArguments	1
org.apache.zookeeper.ServerConfigTest#testValidArguments	1
org.apache.zookeeper.ServerConfigTest#testTooManyArguments	1
org.apache.zookeeper.server.NIOServerCnxnFactoryTest#testStartupWithoutStart_SocketAlreadyBound	1
org.apache.zookeeper.server.NIOServerCnxnFactoryTest#testStartupWithStart_SocketAlreadyBound	1
org.apache.zookeeper.server.NIOServerCnxnFactoryTest#testShutdownWithoutStart_SocketReleased	1
org.apache.zookeeper.server.ZooKeeperServerTest#testSortDataDirAscending	1
org.apache.zookeeper.server.ZooKeeperServerTest#testSortDataDirDescending	1
org.apache.zookeeper.server.ZooKeeperServerTest#testGetLogFiles	1
org.apache.zookeeper.server.ZooKeeperServerTest#testForceSyncDefaultEnabled	1
org.apache.zookeeper.server.ZooKeeperServerTest#testForceSyncDefaultDisabled	1
org.apache.zookeeper.server.ZooKeeperServerTest#testInvalidSnapshot	4
org.apache.zookeeper.server.WatchesReportTest#testHasPaths	1
org.apache.zookeeper.server.WatchesReportTest#testGetPaths	1
org.apache.zookeeper.server.WatchesReportTest#testToMap	1
org.apache.zookeeper.server.PurgeTxnTest#testPurge	4
org.apache.zookeeper.server.PurgeTxnTest#testPurgeWhenLogRollingInProgress	3
org.apache.zookeeper.server.PurgeTxnTest#testFindNRecentSnapshots	4
org.apache.zookeeper.server.PurgeTxnTest#testSnapFilesGreaterThanToRetain	1
org.apache.zookeeper.server.PurgeTxnTest#testSnapFilesEqualsToRetain	1
org.apache.zookeeper.server.PurgeTxnTest#testSnapFilesEqualsToRetainWithPrecedingLog	1
org.apache.zookeeper.server.PurgeTxnTest#testSnapFilesLessThanToRetain	1
org.apache.zookeeper.server.PurgeTxnTest#testPurgeTxnLogWithDataDir	2
org.apache.zookeeper.server.PurgeTxnTest#testPurgeTxnLogWithoutDataDir	2
org.apache.zookeeper.server.PurgeTxnTest#testPurgeDoesNotDeleteOverlappingLogFile	4
org.apache.zookeeper.server.MultiOpSessionUpgradeTest#ephemeralCreateMultiOpTest	2
org.apache.zookeeper.server.MultiOpSessionUpgradeTest#directCheckUpgradeSessionTest	1
org.apache.zookeeper.server.InvalidSnapCountTest#testInvalidSnapCount	1
org.apache.zookeeper.server.ZooKeeperThreadTest#testUncaughtException	1
org.apache.zookeeper.server.ZooKeeperServerMainTest#testNonRecoverableError	2
org.apache.zookeeper.server.ZooKeeperServerMainTest#testReadOnlySnapshotDir	1
org.apache.zookeeper.server.ZooKeeperServerMainTest#testReadOnlyTxnLogDir	1
org.apache.zookeeper.server.ZooKeeperServerMainTest#testStandalone	1
org.apache.zookeeper.server.ZooKeeperServerMainTest#testWithoutAutoCreateDataLogDir	1
org.apache.zookeeper.server.ZooKeeperServerMainTest#testWithAutoCreateDataLogDir	1
org.apache.zookeeper.server.ZooKeeperServerMainTest#testWithMinSessionTimeoutGreaterThanMaxSessionTimeout	2
org.apache.zookeeper.server.ZooKeeperServerMainTest#testWithOnlyMinSessionTimeout	1
org.apache.zookeeper.server.ZooKeeperServerMainTest#testMinMaxSessionTimeOut	1
org.apache.zookeeper.server.ZooKeeperServerMainTest#testJMXRegistrationWithNIO	1
org.apache.zookeeper.server.ZooKeeperServerMainTest#testJMXRegistrationWithNetty	3
org.apache.zookeeper.server.NIOServerCnxnTest#testOperationsAfterCnxnClose	3
org.apache.zookeeper.server.NIOServerCnxnTest#testClientResponseStatsUpdate	1
org.apache.zookeeper.server.NettyServerCnxnTest#testSendCloseSession	4
org.apache.zookeeper.server.NettyServerCnxnTest#testClientResponseStatsUpdate	1
org.apache.zookeeper.server.NettyServerCnxnTest#testServerSideThrottling	3
org.apache.zookeeper.server.ZooKeeperServerConfTest#testGetters	1
org.apache.zookeeper.server.ZooKeeperServerConfTest#testToMap	1
org.apache.zookeeper.server.ToStringTest#testJuteToString	1
org.apache.zookeeper.server.ServerStatsTest#testPacketsMetrics	2
org.apache.zookeeper.server.ServerStatsTest#testLatencyMetrics	1
org.apache.zookeeper.server.ServerStatsTest#testFsyncThresholdExceedMetrics	2
org.apache.zookeeper.server.ServerStatsTest#testReset	1
org.apache.zookeeper.server.InvalidSnapshotTest#testInvalidSnapshot	2
org.apache.zookeeper.server.CreateContainerTest#testCreate	1
org.apache.zookeeper.server.CreateContainerTest#testCreateWithStat	1
org.apache.zookeeper.server.CreateContainerTest#testCreateWithNullStat	1
org.apache.zookeeper.server.CreateContainerTest#testSimpleDeletion	1
org.apache.zookeeper.server.CreateContainerTest#testMultiWithContainerSimple	1
org.apache.zookeeper.server.CreateContainerTest#testMultiWithContainer	1
org.apache.zookeeper.server.CreateContainerTest#testSimpleDeletionAsync	1
org.apache.zookeeper.server.CreateContainerTest#testCascadingDeletion	1
org.apache.zookeeper.server.CreateContainerTest#testFalseEmpty	1
org.apache.zookeeper.server.CreateContainerTest#testMaxPerMinute	1
org.apache.zookeeper.server.ReferenceCountedACLCacheTest#testSameACLGivesSameID	1
org.apache.zookeeper.server.ReferenceCountedACLCacheTest#testWhetherOrderingMatters	1
org.apache.zookeeper.server.ReferenceCountedACLCacheTest#testBidirectionality	1
org.apache.zookeeper.server.ReferenceCountedACLCacheTest#testCacheSize	1
org.apache.zookeeper.server.ReferenceCountedACLCacheTest#testAddThenRemove	1
org.apache.zookeeper.server.ReferenceCountedACLCacheTest#testMultipleAddsAndRemove	1
org.apache.zookeeper.server.ReferenceCountedACLCacheTest#testAddUsage	1
org.apache.zookeeper.server.ReferenceCountedACLCacheTest#testAddNonExistentUsage	1
org.apache.zookeeper.server.ReferenceCountedACLCacheTest#testSerializeDeserialize	1
org.apache.zookeeper.server.ReferenceCountedACLCacheTest#testNPEInDeserialize	3
org.apache.zookeeper.server.ReferenceCountedACLCacheTest#testPurgeUnused	1
org.apache.zookeeper.server.DataNodeTest#testGetChildrenShouldReturnEmptySetWhenThereAreNoChidren	2
org.apache.zookeeper.server.DataNodeTest#testGetChildrenReturnsImmutableEmptySet	2
org.apache.zookeeper.server.ByteBufferInputStreamTest#testRead	2
org.apache.zookeeper.server.ByteBufferInputStreamTest#testReadArrayOffsetLength	1
org.apache.zookeeper.server.ByteBufferInputStreamTest#testReadArrayOffsetLength_LengthTooLarge	1
org.apache.zookeeper.server.ByteBufferInputStreamTest#testReadArrayOffsetLength_HitEndOfStream	2
org.apache.zookeeper.server.ByteBufferInputStreamTest#testReadArrayOffsetLength_AtEndOfStream	2
org.apache.zookeeper.server.ByteBufferInputStreamTest#testReadArrayOffsetLength_0Length	1
org.apache.zookeeper.server.ByteBufferInputStreamTest#testReadArray	1
org.apache.zookeeper.server.ByteBufferInputStreamTest#testSkip	1
org.apache.zookeeper.server.ByteBufferInputStreamTest#testSkip2	2
org.apache.zookeeper.server.ByteBufferInputStreamTest#testNegativeSkip	1
org.apache.zookeeper.server.ByteBufferInputStreamTest#testSkip_HitEnd	2
org.apache.zookeeper.server.ByteBufferInputStreamTest#testSkip_AtEnd	2
org.apache.zookeeper.server.ByteBufferInputStreamTest#testAvailable	2
org.apache.zookeeper.server.ZxidRolloverTest#testSimpleRolloverFollower	2
org.apache.zookeeper.server.ZxidRolloverTest#testRolloverThenRestart	1
org.apache.zookeeper.server.ZxidRolloverTest#testRolloverThenFollowerRestart	1
org.apache.zookeeper.server.ZxidRolloverTest#testRolloverThenLeaderRestart	1
org.apache.zookeeper.server.ZxidRolloverTest#testMultipleRollover	1
org.apache.zookeeper.server.SerializationPerfTest#testSingleSerialize	1
org.apache.zookeeper.server.SerializationPerfTest#testWideSerialize	1
org.apache.zookeeper.server.SerializationPerfTest#testDeepSerialize	1
org.apache.zookeeper.server.SerializationPerfTest#test10Wide5DeepSerialize	1
org.apache.zookeeper.server.SerializationPerfTest#test15Wide5DeepSerialize	1
org.apache.zookeeper.server.SerializationPerfTest#test25Wide4DeepSerialize	1
org.apache.zookeeper.server.SerializationPerfTest#test40Wide4DeepSerialize	1
org.apache.zookeeper.server.SerializationPerfTest#test300Wide3DeepSerialize	1
org.apache.zookeeper.server.Emulate353TTLTest#testCreate	1
org.apache.zookeeper.server.Emulate353TTLTest#test353TTL	1
org.apache.zookeeper.server.Emulate353TTLTest#testEphemeralOwner_emulationTTL	1
org.apache.zookeeper.server.Emulate353TTLTest#testEphemeralOwner_emulationContainer	1
org.apache.zookeeper.server.EphemeralTypeTest#testTtls	3
org.apache.zookeeper.server.EphemeralTypeTest#testContainerValue	1
org.apache.zookeeper.server.EphemeralTypeTest#testNonSpecial	1
org.apache.zookeeper.server.EphemeralTypeTest#testServerIds	3
org.apache.zookeeper.server.EphemeralTypeTest#testEphemeralOwner_extendedFeature_TTL	1
org.apache.zookeeper.server.EphemeralTypeTest#testEphemeralOwner_extendedFeature_extendedTypeUnsupported	1
org.apache.zookeeper.server.ZooKeeperServerStartupTest#testClientConnectionRequestDuringStartupWithNIOServerCnxn	1
org.apache.zookeeper.server.ZooKeeperServerStartupTest#testClientConnectionRequestDuringStartupWithNettyServerCnxn	2
org.apache.zookeeper.server.ZooKeeperServerStartupTest#testFourLetterWords	1
org.apache.zookeeper.server.DatadirCleanupManagerTest#testPurgeTask	1
org.apache.zookeeper.server.DatadirCleanupManagerTest#testWithZeroPurgeInterval	1
org.apache.zookeeper.server.DatadirCleanupManagerTest#testWithNegativePurgeInterval	1
org.apache.zookeeper.server.PrepRequestProcessorTest#testPRequest	1
org.apache.zookeeper.server.PrepRequestProcessorTest#testMultiOutstandingChange	1
org.apache.zookeeper.server.PrepRequestProcessorTest#testMultiRollbackNoLastChange	1
org.apache.zookeeper.server.PrepRequestProcessorTest#testInvalidPath	1
org.apache.zookeeper.server.ZooKeeperServerBeanTest#testTxnLogElapsedSyncTime	1
org.apache.zookeeper.server.ZooKeeperServerBeanTest#testGetSecureClientPort	1
org.apache.zookeeper.server.ZooKeeperServerBeanTest#testGetSecureClientAddress	2
org.apache.zookeeper.server.WatchesSummaryTest#testGetters	1
org.apache.zookeeper.server.WatchesSummaryTest#testToMap	1
org.apache.zookeeper.server.CreateTTLTest#testCreate	1
org.apache.zookeeper.server.CreateTTLTest#testBadTTLs	1
org.apache.zookeeper.server.CreateTTLTest#testMaxTTLs	1
org.apache.zookeeper.server.CreateTTLTest#testCreateSequential	1
org.apache.zookeeper.server.CreateTTLTest#testCreateAsync	1
org.apache.zookeeper.server.CreateTTLTest#testModifying	2
org.apache.zookeeper.server.CreateTTLTest#testMulti	1
org.apache.zookeeper.server.CreateTTLTest#testBadUsage	9
org.apache.zookeeper.server.CreateTTLTest#testDisabled	1
org.apache.zookeeper.server.DeserializationPerfTest#testSingleDeserialize	1
org.apache.zookeeper.server.DeserializationPerfTest#testWideDeserialize	1
org.apache.zookeeper.server.DeserializationPerfTest#testDeepDeserialize	1
org.apache.zookeeper.server.DeserializationPerfTest#test10Wide5DeepDeserialize	1
org.apache.zookeeper.server.DeserializationPerfTest#test15Wide5DeepDeserialize	1
org.apache.zookeeper.server.DeserializationPerfTest#test25Wide4DeepDeserialize	1
org.apache.zookeeper.server.DeserializationPerfTest#test40Wide4DeepDeserialize	1
org.apache.zookeeper.server.DeserializationPerfTest#test300Wide3DeepDeserialize	1
org.apache.zookeeper.server.CRCTest#testChecksums	7
org.apache.zookeeper.server.WatchesPathReportTest#testHasSessions	1
org.apache.zookeeper.server.WatchesPathReportTest#testGetSessions	1
org.apache.zookeeper.server.WatchesPathReportTest#testToMap	1
org.apache.zookeeper.server.DataTreeTest#testDumpEphemerals	1
org.apache.zookeeper.server.DataTreeTest#testRootWatchTriggered	1
org.apache.zookeeper.server.DataTreeTest#testIncrementCversion	2
org.apache.zookeeper.server.DataTreeTest#testPzxidUpdatedWhenDeletingNonExistNode	3
org.apache.zookeeper.server.DataTreeTest#testPathTrieClearOnDeserialize	1
org.apache.zookeeper.server.DataTreeTest#testSerializeDoesntLockDataNodeWhileWriting	1
org.apache.zookeeper.server.DataTreeTest#testReconfigACLClearOnDeserialize	1
org.apache.zookeeper.server.FinalRequestProcessorTest#testACLDigestHashHiding_NoAuth_WorldCanRead	1
org.apache.zookeeper.server.FinalRequestProcessorTest#testACLDigestHashHiding_NoAuth_NoWorld	1
org.apache.zookeeper.server.FinalRequestProcessorTest#testACLDigestHashHiding_UserCanRead	1
org.apache.zookeeper.server.FinalRequestProcessorTest#testACLDigestHashHiding_UserCanAll	1
org.apache.zookeeper.server.FinalRequestProcessorTest#testACLDigestHashHiding_AdminUser	1
org.apache.zookeeper.server.FinalRequestProcessorTest#testACLDigestHashHiding_OnlyAdmin	1
org.apache.zookeeper.server.SessionTrackerTest#testAddSessionAfterSessionExpiry	2
org.apache.zookeeper.server.SessionTrackerTest#testCloseSessionRequestAfterSessionExpiry	1
org.apache.zookeeper.server.util.SerializeUtilsTest#testSerializeRequestRequestIsNull	1
org.apache.zookeeper.server.util.SerializeUtilsTest#testSerializeRequestRequestHeaderIsNull	1
org.apache.zookeeper.server.util.SerializeUtilsTest#testSerializeRequestWithoutTxn	1
org.apache.zookeeper.server.util.SerializeUtilsTest#testSerializeRequestWithTxn	1
org.apache.zookeeper.server.util.VerifyingFileFactoryTest#testForWarningOnRelativePath	1
org.apache.zookeeper.server.util.VerifyingFileFactoryTest#testForNoWarningOnIntendedRelativePath	1
org.apache.zookeeper.server.util.VerifyingFileFactoryTest#testForFailForNonExistingPath	1
org.apache.zookeeper.server.util.VerifyingFileFactoryTest#testFileHasCorrectPath	1
org.apache.zookeeper.server.quorum.LearnerHandlerTest#testEmptyCommittedLog	1
org.apache.zookeeper.server.quorum.LearnerHandlerTest#testCommittedLog	1
org.apache.zookeeper.server.quorum.LearnerHandlerTest#testTxnLog	1
org.apache.zookeeper.server.quorum.LearnerHandlerTest#testTxnLogProposalIteratorClosure	1
org.apache.zookeeper.server.quorum.LearnerHandlerTest#testTxnLogOnly	1
org.apache.zookeeper.server.quorum.LearnerHandlerTest#testTxnLogWithNegativeZxid	1
org.apache.zookeeper.server.quorum.LearnerHandlerTest#testNewEpochZxid	1
org.apache.zookeeper.server.quorum.LearnerHandlerTest#testNewEpochZxidWithTxnlogOnly	1
org.apache.zookeeper.server.quorum.LearnerHandlerTest#testDuplicatedTxn	1
org.apache.zookeeper.server.quorum.LearnerHandlerTest#testCrossEpochTrunc	1
org.apache.zookeeper.server.quorum.LearnerSnapshotThrottlerTest#testTooManySnapshotsNonessential	2
org.apache.zookeeper.server.quorum.LearnerSnapshotThrottlerTest#testTooManySnapshotsEssential	3
org.apache.zookeeper.server.quorum.LearnerSnapshotThrottlerTest#testNoThrottle	4
org.apache.zookeeper.server.quorum.LearnerSnapshotThrottlerTest#testTryWithResourceNoThrottle	2
org.apache.zookeeper.server.quorum.LearnerSnapshotThrottlerTest#testTryWithResourceThrottle	1
org.apache.zookeeper.server.quorum.LearnerSnapshotThrottlerTest#testParallelNoThrottle	3
org.apache.zookeeper.server.quorum.LearnerSnapshotThrottlerTest#testPositiveTimeout	1
org.apache.zookeeper.server.quorum.LearnerSnapshotThrottlerTest#testHighContentionWithTimeout	3
org.apache.zookeeper.server.quorum.RemotePeerBeanTest#testGetClientAddressShouldReturnEmptyStringWhenClientAddressIsNull	1
org.apache.zookeeper.server.quorum.RemotePeerBeanTest#testIsLeader	1
org.apache.zookeeper.server.quorum.QuorumServerTest#testToString	1
org.apache.zookeeper.server.quorum.QuorumServerTest#constructionUnderstandsIpv6LiteralsInServerConfig	1
org.apache.zookeeper.server.quorum.QuorumServerTest#constructionUnderstandsIpv6LiteralsInClientConfig	1
org.apache.zookeeper.server.quorum.QuorumServerTest#unbalancedIpv6LiteralsInServerConfigFailToBeParsed	1
org.apache.zookeeper.server.quorum.QuorumServerTest#unbalancedIpv6LiteralsInClientConfigFailToBeParsed	1
org.apache.zookeeper.server.quorum.ReconfigBackupTest#testBackupStatic	5
org.apache.zookeeper.server.quorum.ReconfigBackupTest#testReconfigCreateNewVersionFile	11
org.apache.zookeeper.server.quorum.ReconfigBackupTest#testVersionOfDynamicFilename	9
org.apache.zookeeper.server.quorum.LeaderWithObserverTest#testGetEpochToPropose	4
org.apache.zookeeper.server.quorum.LeaderWithObserverTest#testWaitForEpochAck	4
org.apache.zookeeper.server.quorum.LeaderWithObserverTest#testWaitForNewLeaderAck	4
org.apache.zookeeper.server.quorum.FLELostMessageTest#testLostMessage	3
org.apache.zookeeper.server.quorum.QuorumBeanTest#testGetNameProperty	1
org.apache.zookeeper.server.quorum.QuorumBeanTest#testIsHiddenProperty	1
org.apache.zookeeper.server.quorum.QuorumBeanTest#testGetQuorumSizeProperty	1
org.apache.zookeeper.server.quorum.QuorumBeanTest#testSslQuorumProperty	1
org.apache.zookeeper.server.quorum.QuorumBeanTest#testPortUnificationProperty	1
org.apache.zookeeper.server.quorum.Zab1_0Test#testLeaderInConnectingFollowers	3
org.apache.zookeeper.server.quorum.Zab1_0Test#testLastAcceptedEpoch	5
org.apache.zookeeper.server.quorum.Zab1_0Test#testLeaderInElectingFollowers	2
org.apache.zookeeper.server.quorum.Zab1_0Test#testUnnecessarySnap	4
org.apache.zookeeper.server.quorum.Zab1_0Test#testNormalFollowerRun	1
org.apache.zookeeper.server.quorum.Zab1_0Test#testNormalFollowerRunWithDiff	1
org.apache.zookeeper.server.quorum.Zab1_0Test#testNormalRun	1
org.apache.zookeeper.server.quorum.Zab1_0Test#testTxnTimeout	5
org.apache.zookeeper.server.quorum.Zab1_0Test#testNormalObserverRun	1
org.apache.zookeeper.server.quorum.Zab1_0Test#testLeaderBehind	1
org.apache.zookeeper.server.quorum.Zab1_0Test#testAbandonBeforeACKEpoch	1
org.apache.zookeeper.server.quorum.Zab1_0Test#testInitialAcceptedCurrent	1
org.apache.zookeeper.server.quorum.StandaloneDisabledTest#startSingleServerTest	4
org.apache.zookeeper.server.quorum.StandaloneDisabledTest#startObserver	1
org.apache.zookeeper.server.quorum.RaceConditionTest#testRaceConditionBetweenLeaderAndAckRequestProcessor	2
org.apache.zookeeper.server.quorum.CommitProcessorTest#testNoCommitWorkers	1
org.apache.zookeeper.server.quorum.CommitProcessorTest#testOneCommitWorker	1
org.apache.zookeeper.server.quorum.CommitProcessorTest#testManyCommitWorkers	1
org.apache.zookeeper.server.quorum.QuorumPeerConfigTest#testErrorMessageWhensecureClientPortNotSetButsecureClientPortAddressSet	2
org.apache.zookeeper.server.quorum.QuorumPeerConfigTest#testErrorMessageWhenclientPortNotSetButclientPortAddressSet	2
org.apache.zookeeper.server.quorum.QuorumPeerConfigTest#testConfigureSSLAuthGetsConfiguredIfSecurePortConfigured	1
org.apache.zookeeper.server.quorum.QuorumPeerConfigTest#testCustomSSLAuth	2
org.apache.zookeeper.server.quorum.QuorumPeerConfigTest#testSamePortConfiguredForClientAndElection	1
org.apache.zookeeper.server.quorum.LeaderBeanTest#testGetName	1
org.apache.zookeeper.server.quorum.LeaderBeanTest#testGetCurrentZxid	1
org.apache.zookeeper.server.quorum.LeaderBeanTest#testGetElectionTimeTaken	1
org.apache.zookeeper.server.quorum.LeaderBeanTest#testGetProposalSize	1
org.apache.zookeeper.server.quorum.LeaderBeanTest#testResetProposalStats	1
org.apache.zookeeper.server.quorum.FuzzySnapshotRelatedTest#testMultiOpConsistency	1
org.apache.zookeeper.server.quorum.FuzzySnapshotRelatedTest#testPZxidUpdatedDuringSnapSyncing	1
org.apache.zookeeper.server.quorum.FuzzySnapshotRelatedTest#testPZxidUpdatedWhenLoadingSnapshot	1
org.apache.zookeeper.server.quorum.CommitProcessorConcurrencyTest#raceTest	1
org.apache.zookeeper.server.quorum.ReconfigRecoveryTest#testNextConfigCompletion	6
org.apache.zookeeper.server.quorum.ReconfigRecoveryTest#testCurrentServersAreObserversInNextConfig	12
org.apache.zookeeper.server.quorum.ReconfigRecoveryTest#testNextConfigUnreachable	6
org.apache.zookeeper.server.quorum.ReconfigRecoveryTest#testNextConfigAlreadyActive	8
org.apache.zookeeper.server.quorum.ReconfigRecoveryTest#testObserverConvertedToParticipantDuringFLE	4
org.apache.zookeeper.server.quorum.ReconfigRecoveryTest#testCurrentObserverIsParticipantInNewConfig	8
org.apache.zookeeper.server.quorum.QuorumSSLTest#testQuorumSSL	1
org.apache.zookeeper.server.quorum.QuorumSSLTest#testRollingUpgrade	3
org.apache.zookeeper.server.quorum.QuorumSSLTest#testHostnameVerificationWithInvalidHostname	1
org.apache.zookeeper.server.quorum.QuorumSSLTest#testHostnameVerificationWithInvalidIPAddress	1
org.apache.zookeeper.server.quorum.QuorumSSLTest#testHostnameVerificationWithInvalidIpAddressAndInvalidHostname	1
org.apache.zookeeper.server.quorum.QuorumSSLTest#testHostnameVerificationWithInvalidIpAddressAndValidHostname	1
org.apache.zookeeper.server.quorum.QuorumSSLTest#testHostnameVerificationWithValidIpAddressAndInvalidHostname	1
org.apache.zookeeper.server.quorum.QuorumSSLTest#testCertificateRevocationList	1
org.apache.zookeeper.server.quorum.QuorumSSLTest#testOCSP	1
org.apache.zookeeper.server.quorum.QuorumSSLTest#testCipherSuites	6
org.apache.zookeeper.server.quorum.QuorumSSLTest#testProtocolVersion	1
org.apache.zookeeper.server.quorum.ReconfigLegacyTest#testConfigFileBackwardCompatibility	10
org.apache.zookeeper.server.quorum.ReconfigLegacyTest#testReconfigRemoveClientFromStatic	8
org.apache.zookeeper.server.quorum.ReconfigLegacyTest#testRestartZooKeeperServer	6
org.apache.zookeeper.server.quorum.BufferStatsTest#testSetProposalSizeSetMinMax	1
org.apache.zookeeper.server.quorum.BufferStatsTest#testReset	1
org.apache.zookeeper.server.quorum.StatCommandTest#testLeaderStatCommand	1
org.apache.zookeeper.server.quorum.StatCommandTest#testFollowerStatCommand	1
org.apache.zookeeper.server.quorum.EphemeralNodeDeletionTest#testEphemeralNodeDeletion	4
org.apache.zookeeper.server.quorum.LearnerTest#connectionRetryTimeoutTest	1
org.apache.zookeeper.server.quorum.LearnerTest#connectionInitLimitTimeoutTest	2
org.apache.zookeeper.server.quorum.LearnerTest#syncTest	2
org.apache.zookeeper.server.quorum.StatResetCommandTest#testStatResetWithZKNotRunning	1
org.apache.zookeeper.server.quorum.StatResetCommandTest#testStatResetWithFollower	1
org.apache.zookeeper.server.quorum.StatResetCommandTest#testStatResetWithLeader	1
org.apache.zookeeper.server.quorum.QuorumPeerTest#testQuorumPeerListendOnSpecifiedClientIP	1
org.apache.zookeeper.server.quorum.QuorumPeerTest#testLocalPeerIsLeader	1
org.apache.zookeeper.server.quorum.QuorumPeerTest#testLocalPeerIsNotLeader	1
org.apache.zookeeper.server.quorum.QuorumPeerTest#testIsNotLeaderBecauseNoVote	1
org.apache.zookeeper.server.quorum.ReconfigFailureCasesTest#testIncrementalReconfigInvokedOnHiearchicalQS	4
org.apache.zookeeper.server.quorum.ReconfigFailureCasesTest#testTooFewRemainingPariticipants	3
org.apache.zookeeper.server.quorum.ReconfigFailureCasesTest#testReconfigVersionConditionFails	3
org.apache.zookeeper.server.quorum.ReconfigFailureCasesTest#testLeaderTimesoutOnNewQuorum	3
org.apache.zookeeper.server.quorum.ReconfigFailureCasesTest#testObserverToParticipantConversionFails	7
org.apache.zookeeper.server.quorum.ReconfigDuringLeaderSyncTest#testDuringLeaderSync	9
org.apache.zookeeper.server.quorum.FLEOutOfElectionTest#testIgnoringZxidElectionEpoch	1
org.apache.zookeeper.server.quorum.FLEOutOfElectionTest#testElectionWIthDifferentVersion	1
org.apache.zookeeper.server.quorum.FLEOutOfElectionTest#testLookingNormal	1
org.apache.zookeeper.server.quorum.FLEOutOfElectionTest#testLookingDiffRounds	1
org.apache.zookeeper.server.quorum.FLEOutOfElectionTest#testOutofElection	1
org.apache.zookeeper.server.quorum.FLEBackwardElectionRoundTest#testBackwardElectionRound	3
org.apache.zookeeper.server.quorum.QuorumPeerMainTest#testQuorum	1
org.apache.zookeeper.server.quorum.QuorumPeerMainTest#testEarlyLeaderAbandonment	19
org.apache.zookeeper.server.quorum.QuorumPeerMainTest#testHighestZxidJoinLate	5
org.apache.zookeeper.server.quorum.QuorumPeerMainTest#testElectionFraud	5
org.apache.zookeeper.server.quorum.QuorumPeerMainTest#testBadPeerAddressInQuorum	3
org.apache.zookeeper.server.quorum.QuorumPeerMainTest#testInconsistentPeerType	7
org.apache.zookeeper.server.quorum.QuorumPeerMainTest#testBadPackets	1
org.apache.zookeeper.server.quorum.QuorumPeerMainTest#testQuorumDefaults	3
org.apache.zookeeper.server.quorum.QuorumPeerMainTest#testQuorumPeerExitTime	2
org.apache.zookeeper.server.quorum.QuorumPeerMainTest#testMinMaxSessionTimeOut	1
org.apache.zookeeper.server.quorum.QuorumPeerMainTest#testWithOnlyMinSessionTimeout	1
org.apache.zookeeper.server.quorum.QuorumPeerMainTest#testFailedTxnAsPartOfQuorumLoss	14
org.apache.zookeeper.server.quorum.QuorumPeerMainTest#testLeaderOutOfView	9
org.apache.zookeeper.server.quorum.QuorumPeerMainTest#testDataDirAndDataLogDir	1
org.apache.zookeeper.server.quorum.QuorumPeerMainTest#testInconsistentDueToNewLeaderOrder	7
org.apache.zookeeper.server.quorum.ReconfigRollingRestartCompatibilityTest#testNoLocalDynamicConfigAndBackupFiles	4
org.apache.zookeeper.server.quorum.ReconfigRollingRestartCompatibilityTest#testRollingRestartWithoutMembershipChange	5
org.apache.zookeeper.server.quorum.ReconfigRollingRestartCompatibilityTest#testRollingRestartWithMembershipChange	8
org.apache.zookeeper.server.quorum.LocalPeerBeanTest#testClientAddress	2
org.apache.zookeeper.server.quorum.LocalPeerBeanTest#testLocalPeerIsLeader	1
org.apache.zookeeper.server.quorum.LocalPeerBeanTest#testLocalPeerIsNotLeader	1
org.apache.zookeeper.server.quorum.auth.QuorumAuthUpgradeTest#testNullAuthLearnerServer	1
org.apache.zookeeper.server.quorum.auth.QuorumAuthUpgradeTest#testAuthLearnerAgainstNullAuthServer	1
org.apache.zookeeper.server.quorum.auth.QuorumAuthUpgradeTest#testAuthLearnerAgainstNoAuthRequiredServer	1
org.apache.zookeeper.server.quorum.auth.QuorumAuthUpgradeTest#testAuthLearnerServer	1
org.apache.zookeeper.server.quorum.auth.QuorumAuthUpgradeTest#testRollingUpgrade	1
org.apache.zookeeper.server.quorum.auth.QuorumKerberosAuthTest#testValidCredentials	2
org.apache.zookeeper.server.quorum.auth.QuorumKerberosHostBasedAuthTest#testValidCredentials	2
org.apache.zookeeper.server.quorum.auth.QuorumKerberosHostBasedAuthTest#testConnectBadServer	2
org.apache.zookeeper.server.quorum.auth.QuorumDigestAuthTest#testValidCredentials	1
org.apache.zookeeper.server.quorum.auth.QuorumDigestAuthTest#testSaslNotRequiredWithInvalidCredentials	2
org.apache.zookeeper.server.quorum.auth.QuorumDigestAuthTest#testSaslRequiredInvalidCredentials	2
org.apache.zookeeper.server.quorum.auth.QuorumDigestAuthTest#testEnableQuorumServerRequireSaslWithoutQuorumLearnerRequireSasl	2
org.apache.zookeeper.server.quorum.auth.QuorumDigestAuthTest#testEnableQuorumAuthenticationConfigurations	1
org.apache.zookeeper.server.quorum.auth.MiniKdcTest#testMiniKdcStart	1
org.apache.zookeeper.server.quorum.auth.MiniKdcTest#testKeytabGen	2
org.apache.zookeeper.server.quorum.auth.MiniKdcTest#testKerberosLogin	4
org.apache.zookeeper.server.admin.CommandsTest#testConfiguration	1
org.apache.zookeeper.server.admin.CommandsTest#testConnections	1
org.apache.zookeeper.server.admin.CommandsTest#testConnectionStatReset	1
org.apache.zookeeper.server.admin.CommandsTest#testDump	1
org.apache.zookeeper.server.admin.CommandsTest#testEnvironment	1
org.apache.zookeeper.server.admin.CommandsTest#testGetTraceMask	1
org.apache.zookeeper.server.admin.CommandsTest#testIsReadOnly	1
org.apache.zookeeper.server.admin.CommandsTest#testMonitor	1
org.apache.zookeeper.server.admin.CommandsTest#testRuok	1
org.apache.zookeeper.server.admin.CommandsTest#testServerStats	1
org.apache.zookeeper.server.admin.CommandsTest#testSetTraceMask	1
org.apache.zookeeper.server.admin.CommandsTest#testStat	1
org.apache.zookeeper.server.admin.CommandsTest#testStatReset	1
org.apache.zookeeper.server.admin.CommandsTest#testWatches	1
org.apache.zookeeper.server.admin.CommandsTest#testWatchesByPath	1
org.apache.zookeeper.server.admin.CommandsTest#testWatchSummary	1
org.apache.zookeeper.server.admin.CommandsTest#testConsCommandSecureOnly	1
org.apache.zookeeper.server.admin.JettyAdminServerTest#testJettyAdminServer	1
org.apache.zookeeper.server.admin.JettyAdminServerTest#testStandalone	1
org.apache.zookeeper.server.admin.JettyAdminServerTest#testQuorum	1
org.apache.zookeeper.server.admin.CommandResponseTest#testGetters	1
org.apache.zookeeper.server.admin.CommandResponseTest#testMap	1
org.apache.zookeeper.server.persistence.FileTxnLogTest#testInvalidPreallocSize	1
org.apache.zookeeper.server.persistence.FileTxnLogTest#testCalculateFileSizeWithPaddingWhenNotToCurrentSize	1
org.apache.zookeeper.server.persistence.FileTxnLogTest#testCalculateFileSizeWithPaddingWhenCloseToCurrentSize	1
org.apache.zookeeper.server.persistence.FileTxnLogTest#testFileSizeGreaterThanPosition	1
org.apache.zookeeper.server.persistence.FileTxnLogTest#testPreAllocSizeSmallerThanTxnData	1
org.apache.zookeeper.server.persistence.FileTxnLogTest#testSetPreallocSize	1
org.apache.zookeeper.server.persistence.FileTxnSnapLogTest#testWithAutoCreateDataDir	1
org.apache.zookeeper.server.persistence.FileTxnSnapLogTest#testWithoutAutoCreateDataDir	2
org.apache.zookeeper.server.persistence.FileTxnSnapLogTest#testGetTxnLogSyncElapsedTime	1
org.apache.zookeeper.server.persistence.FileTxnSnapLogTest#testDirCheckWithCorrectFiles	2
org.apache.zookeeper.server.persistence.FileTxnSnapLogTest#testDirCheckWithSingleDirSetup	2
org.apache.zookeeper.server.persistence.FileTxnSnapLogTest#testDirCheckWithSnapFilesInLogDir	1
org.apache.zookeeper.server.persistence.FileTxnSnapLogTest#testDirCheckWithLogFilesInSnapDir	1
org.apache.zookeeper.server.persistence.TxnLogToolkitTest#testDumpMode	1
org.apache.zookeeper.server.persistence.TxnLogToolkitTest#testInitMissingFile	1
org.apache.zookeeper.server.persistence.TxnLogToolkitTest#testInitWithRecoveryFileExists	1
org.apache.zookeeper.server.persistence.TxnLogToolkitTest#testDumpWithCrcError	1
org.apache.zookeeper.server.persistence.TxnLogToolkitTest#testRecoveryFixBrokenFile	1
org.apache.zookeeper.server.persistence.TxnLogToolkitTest#testRecoveryInteractiveMode	1
org.apache.zookeeper.test.QuorumUtilTest#validateAllMXBeanAreUnregistered	4
org.apache.zookeeper.test.ReconfigExceptionTest#testReconfigDisabled	2
org.apache.zookeeper.test.ReconfigExceptionTest#testReconfigFailWithoutAuth	2
org.apache.zookeeper.test.ReconfigExceptionTest#testReconfigEnabledWithSuperUser	2
org.apache.zookeeper.test.ReconfigExceptionTest#testReconfigFailWithAuthWithNoACL	2
org.apache.zookeeper.test.ReconfigExceptionTest#testReconfigEnabledWithAuthAndWrongACL	2
org.apache.zookeeper.test.ReconfigExceptionTest#testReconfigEnabledWithAuthAndACL	2
org.apache.zookeeper.test.StatTest#testBasic	1
org.apache.zookeeper.test.StatTest#testChild	1
org.apache.zookeeper.test.StatTest#testChildren	2
org.apache.zookeeper.test.StatTest#testDataSizeChange	1
org.apache.zookeeper.test.SaslAuthFailTest#testAuthFail	2
org.apache.zookeeper.test.SaslAuthFailTest#testBadSaslAuthNotifiesWatch	2
org.apache.zookeeper.test.LENonTerminateTest#testNonTermination	5
org.apache.zookeeper.test.FourLetterWordsWhiteListTest#testFourLetterWordsAllDisabledByDefault	1
org.apache.zookeeper.test.FourLetterWordsWhiteListTest#testFourLetterWordsEnableSomeCommands	1
org.apache.zookeeper.test.FourLetterWordsWhiteListTest#testISROEnabledWhenReadOnlyModeEnabled	1
org.apache.zookeeper.test.FourLetterWordsWhiteListTest#testFourLetterWordsInvalidConfiguration	1
org.apache.zookeeper.test.FourLetterWordsWhiteListTest#testFourLetterWordsEnableAllCommandsThroughAsterisk	1
org.apache.zookeeper.test.FourLetterWordsWhiteListTest#testFourLetterWordsEnableAllCommandsThroughExplicitList	1
org.apache.zookeeper.test.SessionUpgradeTest#testLocalSessionsWithoutEphemeralOnFollower	1
org.apache.zookeeper.test.SessionUpgradeTest#testLocalSessionsWithoutEphemeralOnLeader	1
org.apache.zookeeper.test.SessionUpgradeTest#testUpgradeWithEphemeralOnFollower	1
org.apache.zookeeper.test.SessionUpgradeTest#testUpgradeWithEphemeralOnLeader	1
org.apache.zookeeper.test.QuorumZxidSyncTest#testBehindLeader	1
org.apache.zookeeper.test.QuorumZxidSyncTest#testLateLogs	3
org.apache.zookeeper.test.DisconnectedWatcherTest#testChildWatcherAutoResetWithChroot	1
org.apache.zookeeper.test.DisconnectedWatcherTest#testDefaultWatcherAutoResetWithChroot	1
org.apache.zookeeper.test.DisconnectedWatcherTest#testDeepChildWatcherAutoResetWithChroot	1
org.apache.zookeeper.test.DisconnectedWatcherTest#testManyChildWatchersAutoReset	10
org.apache.zookeeper.test.HierarchicalQuorumTest#testHierarchicalQuorum	1
org.apache.zookeeper.test.SaslClientTest#testSaslClientDisabled	3
org.apache.zookeeper.test.FourLetterWordsQuorumTest#testFourLetterWords	2
org.apache.zookeeper.test.CreateModeTest#testBasicCreateMode	1
org.apache.zookeeper.test.CreateModeTest#testFlagConversion	2
org.apache.zookeeper.test.CreateModeTest#testInvalidFlagConversion	3
org.apache.zookeeper.test.ZooKeeperQuotaTest#testQuota	1
org.apache.zookeeper.test.RepeatStartupTest#testFail	1
org.apache.zookeeper.test.ReconfigTest#testRemoveAddOne	8
org.apache.zookeeper.test.ReconfigTest#testRemoveAddTwo	12
org.apache.zookeeper.test.ReconfigTest#testBulkReconfig	4
org.apache.zookeeper.test.ReconfigTest#testRemoveOneAsynchronous	4
org.apache.zookeeper.test.ReconfigTest#testRoleChange	12
org.apache.zookeeper.test.ReconfigTest#testPortChange	10
org.apache.zookeeper.test.ReconfigTest#testPortChangeToBlockedPortFollower	1
org.apache.zookeeper.test.ReconfigTest#testPortChangeToBlockedPortLeader	1
org.apache.zookeeper.test.ReconfigTest#testUnspecifiedClientAddress	1
org.apache.zookeeper.test.ReconfigTest#testQuorumSystemChange	7
org.apache.zookeeper.test.ReconfigTest#testInitialConfigHasPositiveVersion	2
org.apache.zookeeper.test.ReconfigTest#testJMXBeanAfterRemoveAddOne	1
org.apache.zookeeper.test.ReconfigTest#testJMXBeanAfterRoleChange	3
org.apache.zookeeper.test.LoadFromLogTest#testLoad	3
org.apache.zookeeper.test.LoadFromLogTest#testLoadFailure	2
org.apache.zookeeper.test.LoadFromLogTest#testRestore	2
org.apache.zookeeper.test.LoadFromLogTest#testRestoreWithTransactionErrors	3
org.apache.zookeeper.test.LoadFromLogTest#testDatadirAutocreate	2
org.apache.zookeeper.test.LoadFromLogTest#testReloadSnapshotWithMissingParent	1
org.apache.zookeeper.test.WatcherFuncTest#testExistsSync	3
org.apache.zookeeper.test.WatcherFuncTest#testGetDataSync	3
org.apache.zookeeper.test.WatcherFuncTest#testGetChildrenSync	3
org.apache.zookeeper.test.WatcherFuncTest#testExistsSyncWObj	1
org.apache.zookeeper.test.WatcherFuncTest#testGetDataSyncWObj	3
org.apache.zookeeper.test.WatcherFuncTest#testGetChildrenSyncWObj	3
org.apache.zookeeper.test.LocalSessionRequestTest#testLocalSessionsOnFollower	1
org.apache.zookeeper.test.LocalSessionRequestTest#testLocalSessionsOnLeader	1
org.apache.zookeeper.test.StandaloneTest#testNoDynamicConfig	1
org.apache.zookeeper.test.StandaloneTest#testClientPortInDynamicFile	1
org.apache.zookeeper.test.StandaloneTest#testClientPortInStaticFile	1
org.apache.zookeeper.test.StandaloneTest#testStandaloneReconfigFails	2
org.apache.zookeeper.test.GetChildren2Test#testChild	1
org.apache.zookeeper.test.GetChildren2Test#testChildren	3
org.apache.zookeeper.test.SessionTimeoutTest#testSessionExpiration	2
org.apache.zookeeper.test.SessionTimeoutTest#testSessionDisconnect	1
org.apache.zookeeper.test.SessionTimeoutTest#testSessionRestore	1
org.apache.zookeeper.test.SessionTimeoutTest#testSessionSurviveServerRestart	1
org.apache.zookeeper.test.MultiAsyncTransactionTest#testSequentialNodeCreateInAsyncMulti	2
org.apache.zookeeper.test.StaticHostProviderTest#testNextGoesRound	1
org.apache.zookeeper.test.StaticHostProviderTest#testNextGoesRoundAndSleeps	2
org.apache.zookeeper.test.StaticHostProviderTest#testNextDoesNotSleepForZero	2
org.apache.zookeeper.test.StaticHostProviderTest#testEmptyServerAddressesList	1
org.apache.zookeeper.test.StaticHostProviderTest#testInvalidHostAddresses	1
org.apache.zookeeper.test.StaticHostProviderTest#testTwoConsequitiveCallsToNextReturnDifferentElement	1
org.apache.zookeeper.test.StaticHostProviderTest#testOnConnectDoesNotReset	1
org.apache.zookeeper.test.StaticHostProviderTest#testUpdateClientMigrateOrNot	4
org.apache.zookeeper.test.StaticHostProviderTest#testUpdateMigrationGoesRound	7
org.apache.zookeeper.test.StaticHostProviderTest#testUpdateLoadBalancing	16
org.apache.zookeeper.test.StaticHostProviderTest#testNoCurrentHostDuringNormalMode	11
org.apache.zookeeper.test.StaticHostProviderTest#testReconfigDuringReconfigMode	7
org.apache.zookeeper.test.StaticHostProviderTest#testUpdateServerList_UnresolvedHostnames_NoDisconnection1	1
org.apache.zookeeper.test.StaticHostProviderTest#testUpdateServerList_UnresolvedHostnames_NoDisconnection2	1
org.apache.zookeeper.test.StaticHostProviderTest#testUpdateServerList_UnresolvedHostnames_Disconnection1	1
org.apache.zookeeper.test.StaticHostProviderTest#testUpdateServerList_UnresolvedHostnames_Disconnection2	1
org.apache.zookeeper.test.StaticHostProviderTest#testUpdateServerList_ResolvedWithUnResolvedAddress_ForceDisconnect	1
org.apache.zookeeper.test.StaticHostProviderTest#testUpdateServerList_ResolvedWithResolvedAddress_NoDisconnect	1
org.apache.zookeeper.test.StaticHostProviderTest#testUpdateServerList_UnResolvedWithUnResolvedAddress_ForceDisconnect	1
org.apache.zookeeper.test.StaticHostProviderTest#testUpdateServerList_UnResolvedWithResolvedAddress_ForceDisconnect	1
org.apache.zookeeper.test.StaticHostProviderTest#testLiteralIPNoReverseNS	2
org.apache.zookeeper.test.StaticHostProviderTest#testReResolvingSingle	2
org.apache.zookeeper.test.StaticHostProviderTest#testReResolvingMultiple	2
org.apache.zookeeper.test.StaticHostProviderTest#testReResolveMultipleOneFailing	2
org.apache.zookeeper.test.StaticHostProviderTest#testEmptyResolution	3
org.apache.zookeeper.test.StaticHostProviderTest#testReResolvingLocalhost	1
org.apache.zookeeper.test.ObserverHierarchicalQuorumTest#testHierarchicalQuorum	1
org.apache.zookeeper.test.AtomicFileOutputStreamTest#testWriteNewFile	1
org.apache.zookeeper.test.AtomicFileOutputStreamTest#testOverwriteFile	1
org.apache.zookeeper.test.AtomicFileOutputStreamTest#testFailToFlush	2
org.apache.zookeeper.test.AtomicFileOutputStreamTest#testAbortNewFile	1
org.apache.zookeeper.test.AtomicFileOutputStreamTest#testAbortNewFileAfterFlush	1
org.apache.zookeeper.test.AtomicFileOutputStreamTest#testAbortExistingFile	1
org.apache.zookeeper.test.AtomicFileOutputStreamTest#testAbortExistingFileAfterFlush	1
org.apache.zookeeper.test.EmptiedSnapshotRecoveryTest#testRestoreWithEmptySnapFiles	1
org.apache.zookeeper.test.EmptiedSnapshotRecoveryTest#testRestoreWithNoSnapFiles	1
org.apache.zookeeper.test.EmptiedSnapshotRecoveryTest#testRestoreWithTrustedEmptySnapFiles	1
org.apache.zookeeper.test.QuorumMajorityTest#testMajQuorums	4
org.apache.zookeeper.test.NonRecoverableErrorTest#testZooKeeperServiceAvailableOnLeader	7
org.apache.zookeeper.test.ClientTest#testPing	6
org.apache.zookeeper.test.ClientTest#testClientwithoutWatcherObj	1
org.apache.zookeeper.test.ClientTest#testClientWithWatcherObj	1
org.apache.zookeeper.test.ClientTest#testTestability	1
org.apache.zookeeper.test.ClientTest#testACLs	8
org.apache.zookeeper.test.ClientTest#testNullAuthId	5
org.apache.zookeeper.test.ClientTest#testMutipleWatcherObjs	13
org.apache.zookeeper.test.ClientTest#testSequentialNodeNames	3
org.apache.zookeeper.test.ClientTest#testSequentialNodeData	3
org.apache.zookeeper.test.ClientTest#testLargeNodeData	2
org.apache.zookeeper.test.ClientTest#testPathValidation	6
org.apache.zookeeper.test.ClientTest#testDeleteWithChildren	2
org.apache.zookeeper.test.ClientTest#testClientCleanup	5
org.apache.zookeeper.test.ClientTest#testNonExistingOpCode	1
org.apache.zookeeper.test.ClientTest#testTryWithResources	1
org.apache.zookeeper.test.ClientTest#testCXidRollover	3
org.apache.zookeeper.test.InvalidSnapshotTest#testLogFormatter	1
org.apache.zookeeper.test.InvalidSnapshotTest#testSnapshotFormatter	1
org.apache.zookeeper.test.InvalidSnapshotTest#testSnapshotFormatterWithNull	1
org.apache.zookeeper.test.InvalidSnapshotTest#testSnapshot	1
org.apache.zookeeper.test.SaslAuthMissingClientConfigTest#testAuth	2
org.apache.zookeeper.test.RestoreCommittedLogTest#testRestoreCommittedLog	2
org.apache.zookeeper.test.WatchEventWhenAutoResetTest#testNodeDataChanged	1
org.apache.zookeeper.test.WatchEventWhenAutoResetTest#testNodeCreated	1
org.apache.zookeeper.test.WatchEventWhenAutoResetTest#testNodeDeleted	1
org.apache.zookeeper.test.WatchEventWhenAutoResetTest#testNodeChildrenChanged	1
org.apache.zookeeper.test.StringUtilTest#testStrings	1
org.apache.zookeeper.test.ACLRootTest#testRootAcl	5
org.apache.zookeeper.test.FLEPredicateTest#testPredicate	3
org.apache.zookeeper.test.ConnectStringParserTest#testSingleServerChrootPath	1
org.apache.zookeeper.test.ConnectStringParserTest#testMultipleServersChrootPath	1
org.apache.zookeeper.test.ConnectStringParserTest#testParseServersWithoutPort	1
org.apache.zookeeper.test.ConnectStringParserTest#testParseServersWithPort	1
org.apache.zookeeper.test.FLENewEpochTest#testLENewEpoch	6
org.apache.zookeeper.test.CreateTest#testCreate	1
org.apache.zookeeper.test.CreateTest#testCreateWithStat	1
org.apache.zookeeper.test.CreateTest#testCreateWithNullStat	1
org.apache.zookeeper.test.AuthTest#testBadAuthNotifiesWatch	2
org.apache.zookeeper.test.AuthTest#testBadAuthThenSendOtherCommands	3
org.apache.zookeeper.test.AuthTest#testSuper	3
org.apache.zookeeper.test.AuthTest#testSuperACL	4
org.apache.zookeeper.test.QuorumQuotaTest#testQuotaWithQuorum	3
org.apache.zookeeper.test.DuplicateLocalSessionUpgradeTest#testLocalSessionUpgradeOnFollower	1
org.apache.zookeeper.test.DuplicateLocalSessionUpgradeTest#testLocalSessionUpgradeOnLeader	1
org.apache.zookeeper.test.SessionTest#testSession	3
org.apache.zookeeper.test.SessionTest#testSessionMove	4
org.apache.zookeeper.test.SessionTest#testSessionStateNoDupStateReporting	2
org.apache.zookeeper.test.SessionTest#testSessionTimeoutAccess	1
org.apache.zookeeper.test.SessionTest#testMinMaxSessionTimeout	1
org.apache.zookeeper.test.LoadFromLogNoServerTest#testTxnFailure	2
org.apache.zookeeper.test.LoadFromLogNoServerTest#testPad	1
org.apache.zookeeper.test.OOMTest#testOOM	7
org.apache.zookeeper.test.ObserverQuorumHammerTest#testHammerBasic	1
org.apache.zookeeper.test.ChrootTest#testChrootSynchronous	6
org.apache.zookeeper.test.LocalSessionsOnlyTest#testLocalSessionsOnFollower	1
org.apache.zookeeper.test.LocalSessionsOnlyTest#testLocalSessionsOnLeader	1
org.apache.zookeeper.test.WatcherTest#testWatcherCorrectness	4
org.apache.zookeeper.test.WatcherTest#testWatcherDisconnectOnClose	2
org.apache.zookeeper.test.WatcherTest#testWatcherCount	3
org.apache.zookeeper.test.WatcherTest#testWatchAutoResetWithPending	6
org.apache.zookeeper.test.WatcherTest#testWatcherAutoResetWithGlobal	1
org.apache.zookeeper.test.WatcherTest#testWatcherAutoResetWithLocal	1
org.apache.zookeeper.test.WatcherTest#testWatcherAutoResetDisabledWithGlobal	1
org.apache.zookeeper.test.WatcherTest#testWatcherAutoResetDisabledWithLocal	1
org.apache.zookeeper.test.SessionInvalidationTest#testCreateAfterCloseShouldFail	4
org.apache.zookeeper.test.EventTypeTest#testIntConversion	2
org.apache.zookeeper.test.EventTypeTest#testInvalidIntConversion	2
org.apache.zookeeper.test.ObserverLETest#testLEWithObserver	3
org.apache.zookeeper.test.FourLetterWordsTest#testFourLetterWords	1
org.apache.zookeeper.test.FourLetterWordsTest#testValidateStatOutput	2
org.apache.zookeeper.test.FourLetterWordsTest#testValidateConsOutput	3
org.apache.zookeeper.test.FourLetterWordsTest#testValidateSocketTimeout	1
org.apache.zookeeper.test.FourLetterWordsTest#testSetTraceMask	1
org.apache.zookeeper.test.ZkDatabaseCorruptionTest#testCorruption	18
org.apache.zookeeper.test.ZkDatabaseCorruptionTest#testAbsentRecentSnapshot	1
org.apache.zookeeper.test.SaslSuperUserTest#testSuperIsSuper	1
org.apache.zookeeper.test.LeaderSessionTrackerTest#testExpiredSessionWithLocalSession	1
org.apache.zookeeper.test.LeaderSessionTrackerTest#testExpiredSessionWithoutLocalSession	1
org.apache.zookeeper.test.LeaderSessionTrackerTest#testCreatePersistent	1
org.apache.zookeeper.test.QuorumTest#testDeleteWithChildren	1
org.apache.zookeeper.test.QuorumTest#testPing	1
org.apache.zookeeper.test.QuorumTest#testSequentialNodeNames	1
org.apache.zookeeper.test.QuorumTest#testACLs	1
org.apache.zookeeper.test.QuorumTest#testClientwithoutWatcherObj	1
org.apache.zookeeper.test.QuorumTest#testClientWithWatcherObj	1
org.apache.zookeeper.test.QuorumTest#testGetView	1
org.apache.zookeeper.test.QuorumTest#testViewContains	1
org.apache.zookeeper.test.QuorumTest#testLeaderShutdown	8
org.apache.zookeeper.test.QuorumTest#testMultipleWatcherObjs	1
org.apache.zookeeper.test.QuorumTest#testSessionMoved	4
org.apache.zookeeper.test.QuorumTest#testFollowersStartAfterLeader	4
org.apache.zookeeper.test.QuorumTest#testMultiToFollower	3
org.apache.zookeeper.test.ClientSSLTest#testClientServerSSL	5
org.apache.zookeeper.test.ClientSSLTest#testSecureStandaloneServer	1
org.apache.zookeeper.test.FollowerResyncConcurrencyTest#testLaggingFollowerResyncsUnderNewEpoch	1
org.apache.zookeeper.test.FollowerResyncConcurrencyTest#testResyncBySnapThenDiffAfterFollowerCrashes	1
org.apache.zookeeper.test.FollowerResyncConcurrencyTest#testResyncByTxnlogThenDiffAfterFollowerCrashes	1
org.apache.zookeeper.test.FollowerResyncConcurrencyTest#testResyncByDiffAfterFollowerCrashes	16
org.apache.zookeeper.test.FollowerResyncConcurrencyTest#testFollowerSendsLastZxid	2
org.apache.zookeeper.test.FollowerResyncConcurrencyTest#testFollowerWatcherResync	3
org.apache.zookeeper.test.SaslAuthDesignatedServerTest#testAuth	3
org.apache.zookeeper.test.KeeperStateTest#testIntConversion	2
org.apache.zookeeper.test.KeeperStateTest#testInvalidIntConversion	2
org.apache.zookeeper.test.KeeperStateTest#testDeprecatedCodeOkInSwitch	2
org.apache.zookeeper.test.KeeperStateTest#testCodeOKInSwitch	2
org.apache.zookeeper.test.SessionTrackerCheckTest#testLearnerSessionTracker	6
org.apache.zookeeper.test.SessionTrackerCheckTest#testLeaderSessionTracker	11
org.apache.zookeeper.test.MaxCnxnsTest#testMaxCnxns	4
org.apache.zookeeper.test.AsyncTest#testAsync	3
org.apache.zookeeper.test.ClientPortBindTest#testBindByAddress	7
org.apache.zookeeper.test.FLEZeroWeightTest#testZeroWeightQuorum	6
org.apache.zookeeper.test.ClientHammerTest#testHammerBasic	1
org.apache.zookeeper.test.ClientHammerTest#testHammerSuper	3
org.apache.zookeeper.test.X509AuthTest#testTrustedAuth	1
org.apache.zookeeper.test.X509AuthTest#testSuperAuth	1
org.apache.zookeeper.test.X509AuthTest#testUntrustedAuth	1
org.apache.zookeeper.test.AsyncOpsTest#testAsyncCreate	1
org.apache.zookeeper.test.AsyncOpsTest#testAsyncCreate2	1
org.apache.zookeeper.test.AsyncOpsTest#testAsyncCreateThree	1
org.apache.zookeeper.test.AsyncOpsTest#testAsyncCreateFailure_NodeExists	1
org.apache.zookeeper.test.AsyncOpsTest#testAsyncCreateFailure_NoNode	1
org.apache.zookeeper.test.AsyncOpsTest#testAsyncCreateFailure_NoChildForEphemeral	1
org.apache.zookeeper.test.AsyncOpsTest#testAsyncCreate2Failure_NodeExists	1
org.apache.zookeeper.test.AsyncOpsTest#testAsyncCreate2Failure_NoNode	1
org.apache.zookeeper.test.AsyncOpsTest#testAsyncCreate2Failure_NoChildForEphemeral	1
org.apache.zookeeper.test.AsyncOpsTest#testAsyncDelete	1
org.apache.zookeeper.test.AsyncOpsTest#testAsyncDeleteFailure_NoNode	1
org.apache.zookeeper.test.AsyncOpsTest#testAsyncDeleteFailure_BadVersion	1
org.apache.zookeeper.test.AsyncOpsTest#testAsyncDeleteFailure_NotEmpty	1
org.apache.zookeeper.test.AsyncOpsTest#testAsyncSync	1
org.apache.zookeeper.test.AsyncOpsTest#testAsyncSetACL	1
org.apache.zookeeper.test.AsyncOpsTest#testAsyncSetACLFailure_NoNode	1
org.apache.zookeeper.test.AsyncOpsTest#testAsyncSetACLFailure_BadVersion	1
org.apache.zookeeper.test.AsyncOpsTest#testAsyncSetData	1
org.apache.zookeeper.test.AsyncOpsTest#testAsyncSetDataFailure_NoNode	1
org.apache.zookeeper.test.AsyncOpsTest#testAsyncSetDataFailure_BadVersion	1
org.apache.zookeeper.test.AsyncOpsTest#testAsyncExists	1
org.apache.zookeeper.test.AsyncOpsTest#testAsyncExistsFailure_NoNode	1
org.apache.zookeeper.test.AsyncOpsTest#testAsyncGetACL	1
org.apache.zookeeper.test.AsyncOpsTest#testAsyncGetACLFailure_NoNode	1
org.apache.zookeeper.test.AsyncOpsTest#testAsyncGetChildrenEmpty	1
org.apache.zookeeper.test.AsyncOpsTest#testAsyncGetChildrenSingle	1
org.apache.zookeeper.test.AsyncOpsTest#testAsyncGetChildrenTwo	1
org.apache.zookeeper.test.AsyncOpsTest#testAsyncGetChildrenFailure_NoNode	1
org.apache.zookeeper.test.AsyncOpsTest#testAsyncGetChildren2Empty	1
org.apache.zookeeper.test.AsyncOpsTest#testAsyncGetChildren2Single	1
org.apache.zookeeper.test.AsyncOpsTest#testAsyncGetChildren2Two	1
org.apache.zookeeper.test.AsyncOpsTest#testAsyncGetChildren2Failure_NoNode	1
org.apache.zookeeper.test.AsyncOpsTest#testAsyncGetData	1
org.apache.zookeeper.test.AsyncOpsTest#testAsyncGetDataFailure_NoNode	1
org.apache.zookeeper.test.AsyncOpsTest#testAsyncMulti	1
org.apache.zookeeper.test.AsyncOpsTest#testAsyncMultiFailure_AllErrorResult	1
org.apache.zookeeper.test.AsyncOpsTest#testAsyncMultiFailure_NoSideEffect	1
org.apache.zookeeper.test.AsyncOpsTest#testAsyncMultiSequential_NoSideEffect	1
org.apache.zookeeper.test.ServerCnxnTest#testServerCnxnExpiry	1
org.apache.zookeeper.test.SaslAuthFailDesignatedClientTest#testAuth	2
org.apache.zookeeper.test.ACLTest#testIPAuthenticationIsValidCIDR	1
org.apache.zookeeper.test.ACLTest#testDisconnectedAddAuth	1
org.apache.zookeeper.test.ACLTest#testAcls	4
org.apache.zookeeper.test.ChrootClientTest#testPing	1
org.apache.zookeeper.test.OSMXBeanTest#testGetUnix	2
org.apache.zookeeper.test.OSMXBeanTest#testGetOpenFileDescriptorCount	3
org.apache.zookeeper.test.OSMXBeanTest#testGetMaxFileDescriptorCount	3
org.apache.zookeeper.test.ReadOnlyModeTest#testMultiTransaction	2
org.apache.zookeeper.test.ReadOnlyModeTest#testReadOnlyClient	2
org.apache.zookeeper.test.ReadOnlyModeTest#testConnectionEvents	4
org.apache.zookeeper.test.ReadOnlyModeTest#testSessionEstablishment	1
org.apache.zookeeper.test.ReadOnlyModeTest#testSeekForRwServer	3
org.apache.zookeeper.test.NIOConnectionFactoryFdLeakTest#testFileDescriptorLeak	3
org.apache.zookeeper.test.SaslAuthDesignatedClientTest#testAuth	2
org.apache.zookeeper.test.SaslAuthDesignatedClientTest#testSaslConfig	2
org.apache.zookeeper.test.SaslAuthDesignatedClientTest#testReadAccessUser	2
org.apache.zookeeper.test.TruncateTest#testTruncationStreamReset	2
org.apache.zookeeper.test.TruncateTest#testTruncationNullLog	5
org.apache.zookeeper.test.TruncateTest#testTruncate	6
org.apache.zookeeper.test.RecoveryTest#testRecovery	10
org.apache.zookeeper.test.ACLCountTest#testAclCount	3
org.apache.zookeeper.test.QuorumHammerTest#testHammerBasic	1
org.apache.zookeeper.test.CnxManagerTest#testCnxManager	7
org.apache.zookeeper.test.CnxManagerTest#testCnxManagerTimeout	3
org.apache.zookeeper.test.CnxManagerTest#testCnxManagerSpinLock	4
org.apache.zookeeper.test.CnxManagerTest#testCnxManagerListenerThreadConfigurableRetry	1
org.apache.zookeeper.test.CnxManagerTest#testCnxManagerNPE	2
org.apache.zookeeper.test.CnxManagerTest#testSocketTimeout	3
org.apache.zookeeper.test.CnxManagerTest#testWorkerThreads	5
org.apache.zookeeper.test.CnxManagerTest#testInitialMessage	5
org.apache.zookeeper.test.SyncCallTest#testSync	9
org.apache.zookeeper.test.BufferSizeTest#testCreatesReqs	1
org.apache.zookeeper.test.BufferSizeTest#testSetReqs	1
org.apache.zookeeper.test.BufferSizeTest#testStartup	1
org.apache.zookeeper.test.BufferSizeTest#testStartupFailureCreate	1
org.apache.zookeeper.test.BufferSizeTest#testStartupFailureSet	1
org.apache.zookeeper.test.BufferSizeTest#testStartupFailureSnapshot	1
org.apache.zookeeper.test.AsyncHammerTest#testHammer	3
org.apache.zookeeper.test.AsyncHammerTest#testObserversHammer	3
org.apache.zookeeper.test.FLERestartTest#testLERestart	5
org.apache.zookeeper.test.WatchedEventTest#testCreatingWatchedEvent	3
org.apache.zookeeper.test.WatchedEventTest#testCreatingWatchedEventFromWrapper	3
org.apache.zookeeper.test.WatchedEventTest#testCreatingWatchedEventFromInvalidWrapper	2
org.apache.zookeeper.test.WatchedEventTest#testConvertingToEventWrapper	1
org.apache.zookeeper.test.ReconfigMisconfigTest#testReconfigFailWithoutSuperuserPasswordConfiguredOnServer	3
org.apache.zookeeper.test.SSLAuthTest#testRejection	1
org.apache.zookeeper.test.SSLAuthTest#testMisconfiguration	1
org.apache.zookeeper.test.GetProposalFromTxnTest#testGetProposalFromTxn	4
org.apache.zookeeper.test.ObserverTest#testObserver	3
org.apache.zookeeper.test.ObserverTest#testObserverOnly	1
org.apache.zookeeper.test.ObserverTest#testObserverWithStandlone	1
org.apache.zookeeper.test.NullDataTest#testNullData	2
org.apache.zookeeper.test.FLETest#testSingleElection	2
org.apache.zookeeper.test.FLETest#testDoubleElection	2
org.apache.zookeeper.test.FLETest#testTripleElection	2
org.apache.zookeeper.test.FLETest#testJoin	7
org.apache.zookeeper.test.FLETest#testJoinInconsistentEnsemble	6
org.apache.zookeeper.test.FLETest#testElectionTimeUnit	1
org.apache.zookeeper.test.ClientRetryTest#testClientRetry	1
org.apache.zookeeper.common.ZKTrustManagerTest#testServerHostnameVerificationWithHostnameVerificationDisabled	1
org.apache.zookeeper.common.ZKTrustManagerTest#testServerHostnameVerificationWithHostnameVerificationDisabledAndClientHostnameVerificationEnabled	1
org.apache.zookeeper.common.ZKTrustManagerTest#testServerHostnameVerificationWithIPAddress	1
org.apache.zookeeper.common.ZKTrustManagerTest#testServerHostnameVerificationWithHostname	1
org.apache.zookeeper.common.ZKTrustManagerTest#testClientHostnameVerificationWithHostnameVerificationDisabled	1
org.apache.zookeeper.common.ZKTrustManagerTest#testClientHostnameVerificationWithClientHostnameVerificationDisabled	1
org.apache.zookeeper.common.ZKTrustManagerTest#testClientHostnameVerificationWithIPAddress	1
org.apache.zookeeper.common.ZKTrustManagerTest#testClientHostnameVerificationWithHostname	1
org.apache.zookeeper.common.FileKeyStoreLoaderBuilderProviderTest#testGetBuilderForJKSFileType	1
org.apache.zookeeper.common.FileKeyStoreLoaderBuilderProviderTest#testGetBuilderForPEMFileType	1
org.apache.zookeeper.common.FileKeyStoreLoaderBuilderProviderTest#testGetBuilderForPKCS12FileType	1
org.apache.zookeeper.common.FileKeyStoreLoaderBuilderProviderTest#testGetBuilderForNullFileType	1
org.apache.zookeeper.common.PathUtilsTest#testValidatePath_ValidPath	1
org.apache.zookeeper.common.PathUtilsTest#testValidatePath_Null	1
org.apache.zookeeper.common.PathUtilsTest#testValidatePath_EmptyString	1
org.apache.zookeeper.common.PathUtilsTest#testValidatePath_NotAbsolutePath	1
org.apache.zookeeper.common.PathUtilsTest#testValidatePath_EndsWithSlash	1
org.apache.zookeeper.common.PathUtilsTest#testValidatePath_ContainsNullCharacter	1
org.apache.zookeeper.common.PathUtilsTest#testValidatePath_DoubleSlash	1
org.apache.zookeeper.common.PathUtilsTest#testValidatePath_SinglePeriod	1
org.apache.zookeeper.common.PathUtilsTest#testValidatePath_DoublePeriod	1
org.apache.zookeeper.common.PathUtilsTest#testValidatePath_NameContainingPeriod	1
org.apache.zookeeper.common.PathUtilsTest#testValidatePath_0x01	1
org.apache.zookeeper.common.PathUtilsTest#testValidatePath_0x1F	1
org.apache.zookeeper.common.PathUtilsTest#testValidatePath_0x20	1
org.apache.zookeeper.common.PathUtilsTest#testValidatePath_0x7e	1
org.apache.zookeeper.common.PathUtilsTest#testValidatePath_0x7f	1
org.apache.zookeeper.common.PathUtilsTest#testValidatePath_0x9f	1
org.apache.zookeeper.common.PathUtilsTest#testValidatePath_ud800	1
org.apache.zookeeper.common.PathUtilsTest#testValidatePath_uf8ff	1
org.apache.zookeeper.common.PathUtilsTest#testValidatePath_HighestAllowableChar	1
org.apache.zookeeper.common.PathUtilsTest#testValidatePath_SupplementaryChar	1
org.apache.zookeeper.common.TimeTest#testElapsedTimeToDate	1
org.apache.zookeeper.common.AtomicFileWritingIdiomTest#testOutputStreamSuccess	1
org.apache.zookeeper.common.AtomicFileWritingIdiomTest#testWriterSuccess	1
org.apache.zookeeper.common.AtomicFileWritingIdiomTest#testOutputStreamFailure	2
org.apache.zookeeper.common.AtomicFileWritingIdiomTest#testWriterFailure	2
org.apache.zookeeper.common.AtomicFileWritingIdiomTest#testOutputStreamFailureIOException	2
org.apache.zookeeper.common.AtomicFileWritingIdiomTest#testWriterFailureIOException	2
org.apache.zookeeper.common.AtomicFileWritingIdiomTest#testOutputStreamFailureError	2
org.apache.zookeeper.common.AtomicFileWritingIdiomTest#testWriterFailureError	2
org.apache.zookeeper.common.AtomicFileWritingIdiomTest#testOutputStreamSuccessNE	1
org.apache.zookeeper.common.AtomicFileWritingIdiomTest#testWriterSuccessNE	1
org.apache.zookeeper.common.AtomicFileWritingIdiomTest#testOutputStreamFailureNE	2
org.apache.zookeeper.common.AtomicFileWritingIdiomTest#testWriterFailureNE	2
org.apache.zookeeper.common.KeyStoreFileTypeTest#testGetPropertyValue	1
org.apache.zookeeper.common.KeyStoreFileTypeTest#testFromPropertyValue	1
org.apache.zookeeper.common.KeyStoreFileTypeTest#testFromPropertyValueIgnoresCase	1
org.apache.zookeeper.common.KeyStoreFileTypeTest#testFromPropertyValueThrowsOnBadPropertyValue	1
org.apache.zookeeper.common.KeyStoreFileTypeTest#testFromFilename	1
org.apache.zookeeper.common.KeyStoreFileTypeTest#testFromFilenameThrowsOnBadFileExtension	1
org.apache.zookeeper.common.KeyStoreFileTypeTest#testFromPropertyValueOrFileName	1
org.apache.zookeeper.common.KeyStoreFileTypeTest#testFromPropertyValueOrFileNameThrowsOnBadPropertyValue	1
org.apache.zookeeper.common.KeyStoreFileTypeTest#testFromPropertyValueOrFileNameThrowsOnBadFileExtension	1
org.apache.zookeeper.common.FileChangeWatcherTest#testCallbackWorksOnFileChanges	5
org.apache.zookeeper.common.FileChangeWatcherTest#testCallbackWorksOnFileTouched	4
org.apache.zookeeper.common.FileChangeWatcherTest#testCallbackWorksOnFileAdded	3
org.apache.zookeeper.common.FileChangeWatcherTest#testCallbackWorksOnFileDeleted	4
org.apache.zookeeper.common.FileChangeWatcherTest#testCallbackErrorDoesNotCrashWatcherThread	5
org.apache.zookeeper.client.ZKClientConfigTest#testDefaultConfiguration	5
org.apache.zookeeper.client.ZKClientConfigTest#testSystemPropertyValue	1
org.apache.zookeeper.client.ZKClientConfigTest#testReadConfigurationFile	1
org.apache.zookeeper.client.ZKClientConfigTest#testSetConfiguration	2
org.apache.zookeeper.client.ZKClientConfigTest#testIntegerRetrievalFromProperty	2
