org.apache.hadoop.cli.TestCryptoAdminCLI	453.0	613.0	23.0	149.0
org.apache.hadoop.cli.TestHDFSCLI	315.0	920.0	22.0	159.0
org.apache.hadoop.cli.TestXAttrCLI	358.0	1189.0	22.0	153.0
org.apache.hadoop.cli.CLITestCmdDFS	262.0	1281.0	16.0	150.0
org.apache.hadoop.cli.TestDeleteCLI	386.0	1537.0	22.0	157.0
org.apache.hadoop.cli.TestCacheAdminCLI	575.0	1983.0	24.0	173.0
org.apache.hadoop.cli.TestAclCLI	476.0	2220.0	20.0	177.0
org.apache.hadoop.cli.CLITestHelperDFS	404.0	2320.0	18.0	171.0
org.apache.hadoop.tracing.TestTraceAdmin	444.0	696.0	27.0	148.0
org.apache.hadoop.tracing.TestTracing	656.0	1414.0	32.0	241.0
org.apache.hadoop.tracing.TestTracingShortCircuitLocalRead	544.0	1728.0	24.0	253.0
org.apache.hadoop.fs.TestGlobPaths	1308	1308	1308	1308
org.apache.hadoop.fs.TestEnhancedByteBufferAccess	853	853	853	853
org.apache.hadoop.fs.TestVolumeId	361.0	607.0	29.0	64.0
org.apache.hadoop.fs.TestFcHdfsSetUMask	659.0	1449.0	22.0	190.0
org.apache.hadoop.fs.TestSWebHdfsFileContextMainOperations	575.0	1798.0	26.0	232.0
org.apache.hadoop.fs.TestWebHdfsFileContextMainOperations	682.0	2237.0	28.0	269.0
org.apache.hadoop.fs.TestHDFSFileContextMainOperations	1165.0	3584.0	33.0	354.0
org.apache.hadoop.fs.TestSymlinkHdfsFileSystem	876.0	3966.0	21.0	370.0
org.apache.hadoop.fs.TestResolveHdfsSymlink	1158.0	4575.0	29.0	422.0
org.apache.hadoop.fs.TestUnbuffer	1170.0	5036.0	27.0	469.0
org.apache.hadoop.fs.TestUrlStreamHandler	1248.0	5463.0	27.0	492.0
org.apache.hadoop.fs.TestSymlinkHdfsFileContext	1072.0	5576.0	18.0	497.0
org.apache.hadoop.fs.TestHdfsNativeCodeLoader	1121.0	5694.0	21.0	510.0
org.apache.hadoop.fs.TestSymlinkHdfs	1955.0	7222.0	32.0	608.0
org.apache.hadoop.fs.TestFcHdfsPermission	1494.0	7366.0	22.0	581.0
org.apache.hadoop.fs.TestFcHdfsCreateMkdir	1504.0	7544.0	21.0	583.0
org.apache.hadoop.fs.TestSymlinkHdfsDisable	1526.0	7744.0	17.0	592.0
org.apache.hadoop.tools.TestHdfsConfigFields	107.0	126.0	16.0	50.0
org.apache.hadoop.tools.TestDelegationTokenFetcher	535.0	772.0	27.0	153.0
org.apache.hadoop.tools.FakeRenewer	239.0	870.0	22.0	147.0
org.apache.hadoop.tools.TestJMXGet	649.0	1542.0	34.0	253.0
org.apache.hadoop.tools.TestDelegationTokenRemoteFetcher	1350.0	3006.0	35.0	405.0
org.apache.hadoop.tools.TestTools	895.0	3594.0	31.0	446.0
org.apache.hadoop.net.TestNetworkTopology	1423.0	2515.0	36.0	245.0
org.apache.hadoop.test.HdfsTestDriver	91.0	118.0	20.0	34.0
org.apache.hadoop.test.MiniDFSClusterManager	573.0	897.0	34.0	182.0
org.apache.hadoop.test.PathUtils	287.0	996.0	19.0	166.0
org.apache.hadoop.hdfs.TestDecommission	1464	1464	1464	1464
org.apache.hadoop.hdfs.TestDFSPermission	1287	1287	1287	1287
org.apache.hadoop.hdfs.TestDFSUtil	1054	1054	1054	1054
org.apache.hadoop.hdfs.TestClientProtocolForPipelineRecovery	758	758	758	758
org.apache.hadoop.hdfs.TestRollingUpgrade	640	640	640	640
org.apache.hadoop.hdfs.TestPread	715	715	715	715
org.apache.hadoop.hdfs.TestFileAppend	728	728	728	728
org.apache.hadoop.hdfs.TestFileCreation	1430	1430	1430	1430
org.apache.hadoop.hdfs.TestAclsEndToEnd	1658	1658	1658	1658
org.apache.hadoop.hdfs.DFSTestUtil	2094	2094	2094	2094
org.apache.hadoop.hdfs.TestReplication	709	709	709	709
org.apache.hadoop.hdfs.TestDFSShell	3727	3727	3727	3727
org.apache.hadoop.hdfs.UpgradeUtilities	615	615	615	615
org.apache.hadoop.hdfs.TestDFSClientRetries	1319	1319	1319	1319
org.apache.hadoop.hdfs.TestBlockStoragePolicy	1424	1424	1424	1424
org.apache.hadoop.hdfs.MiniDFSCluster	3061	3061	3061	3061
org.apache.hadoop.hdfs.TestDistributedFileSystem	1436	1436	1436	1436
org.apache.hadoop.hdfs.TestEncryptionZones	2198	2198	2198	2198
org.apache.hadoop.hdfs.TestQuota	1609	1609	1609	1609
org.apache.hadoop.hdfs.TestDFSUpgradeFromImage	738	738	738	738
org.apache.hadoop.hdfs.TestParallelRead	59.0	77.0	14.0	33.0
org.apache.hadoop.hdfs.TestDatanodeStartupFixesLegacyStorageIDs	250.0	421.0	18.0	110.0
org.apache.hadoop.hdfs.TestFileCreationClient	489.0	950.0	29.0	178.0
org.apache.hadoop.hdfs.TestTrashWithSecureEncryptionZones	1450.0	2871.0	29.0	407.0
org.apache.hadoop.hdfs.TestParallelShortCircuitRead	604.0	2939.0	18.0	374.0
org.apache.hadoop.hdfs.BenchmarkThroughput	1078.0	3792.0	38.0	457.0
org.apache.hadoop.hdfs.TestListFilesInFileContext	1285.0	4768.0	23.0	495.0
org.apache.hadoop.hdfs.TestFileAppend2	2321.0	6951.0	46.0	631.0
org.apache.hadoop.hdfs.TestDeprecatedKeys	1281.0	6951.0	16.0	597.0
org.apache.hadoop.hdfs.TestHDFSFileSystemContract	1345.0	7085.0	20.0	605.0
org.apache.hadoop.hdfs.TestExternalBlockReader	2128.0	8235.0	39.0	705.0
org.apache.hadoop.hdfs.TestDFSOutputStream	2464.0	9629.0	35.0	857.0
org.apache.hadoop.hdfs.TestWriteRead	2847.0	11198.0	43.0	976.0
org.apache.hadoop.hdfs.TestFileLengthOnClusterRestart	2135.0	11358.0	26.0	921.0
org.apache.hadoop.hdfs.TestDatanodeDeath	3021.0	12736.0	46.0	996.0
org.apache.hadoop.hdfs.TestFsShellPermission	2855.0	13694.0	31.0	1046.0
org.apache.hadoop.hdfs.TestSetTimes	3370.0	15015.0	35.0	1126.0
org.apache.hadoop.hdfs.TestPipelines	3098.0	15521.0	31.0	1142.0
org.apache.hadoop.hdfs.TestDFSRollback	3611.0	16981.0	34.0	1235.0
org.apache.hadoop.hdfs.TestSetrepDecreasing	3029.0	16948.0	12.0	1203.0
org.apache.hadoop.hdfs.TestLease	4220.0	18992.0	32.0	1325.0
org.apache.hadoop.hdfs.TestClientReportBadBlock	4142.0	20034.0	37.0	1356.0
org.apache.hadoop.hdfs.TestHDFSPolicyProvider	3886.0	20387.0	26.0	1393.0
org.apache.hadoop.hdfs.TestDFSMkdirs	3919.0	20826.0	25.0	1420.0
org.apache.hadoop.hdfs.TestWriteBlockGetsBlockLengthHint	3906.0	21082.0	30.0	1426.0
org.apache.hadoop.hdfs.TestInstrumentedLock	4099.0	21603.0	24.0	1458.0
org.apache.hadoop.hdfs.TestPersistBlocks	4729.0	22901.0	34.0	1507.0
org.apache.hadoop.hdfs.TestDatanodeLayoutUpgrade	4230.0	23125.0	17.0	1510.0
org.apache.hadoop.hdfs.TestParallelReadUtil	5055.0	24375.0	47.0	1596.0
org.apache.hadoop.hdfs.DFSClientAdapter	4444.0	24493.0	19.0	1571.0
org.apache.hadoop.hdfs.TestFileCreationDelete	4569.0	24791.0	22.0	1582.0
org.apache.hadoop.hdfs.TestMultiThreadedHflush	5099.0	25711.0	38.0	1644.0
org.apache.hadoop.hdfs.TestSetrepIncreasing	4855.0	26110.0	27.0	1652.0
org.apache.hadoop.hdfs.TestDFSInotifyEventInputStream	6764.0	29516.0	33.0	1786.0
org.apache.hadoop.hdfs.TestDFSStartupVersions	5889.0	30392.0	30.0	1823.0
org.apache.hadoop.hdfs.TestDatanodeConfig	5900.0	30969.0	25.0	1846.0
org.apache.hadoop.hdfs.TestFSInputChecker	6520.0	32415.0	35.0	1878.0
org.apache.hadoop.hdfs.TestDFSConfigKeys	5895.0	32430.0	10.0	1871.0
org.apache.hadoop.hdfs.TestMiniDFSCluster	6687.0	33673.0	33.0	1964.0
org.apache.hadoop.hdfs.TestEncryptionZonesWithKMS	6533.0	34267.0	25.0	1998.0
org.apache.hadoop.hdfs.TestParallelShortCircuitLegacyRead	6290.0	34378.0	15.0	1991.0
org.apache.hadoop.hdfs.TestDatanodeRegistration	7393.0	36182.0	35.0	2104.0
org.apache.hadoop.hdfs.TestGetFileChecksum	6795.0	36466.0	28.0	2101.0
org.apache.hadoop.hdfs.TestBalancerBandwidth	6989.0	36980.0	27.0	2130.0
org.apache.hadoop.hdfs.TestDFSClientExcludedNodes	6989.0	37366.0	25.0	2143.0
org.apache.hadoop.hdfs.TestWriteConfigurationToDFS	6904.0	37528.0	20.0	2145.0
org.apache.hadoop.hdfs.TestGetBlocks	7793.0	39027.0	39.0	2223.0
org.apache.hadoop.hdfs.TestAppendSnapshotTruncate	8496.0	40990.0	46.0	2315.0
org.apache.hadoop.hdfs.TestFileStatus	8619.0	42909.0	29.0	2343.0
org.apache.hadoop.hdfs.TestDisableConnCache	7995.0	43009.0	20.0	2313.0
org.apache.hadoop.hdfs.TestHttpPolicy	8004.0	43175.0	14.0	2322.0
org.apache.hadoop.hdfs.TestDFSStorageStateRecovery	8942.0	45036.0	31.0	2389.0
org.apache.hadoop.hdfs.TestModTime	8804.0	45775.0	36.0	2385.0
org.apache.hadoop.hdfs.TestSafeMode	9778.0	48026.0	38.0	2502.0
org.apache.hadoop.hdfs.TestKeyProviderCache	9051.0	48300.0	24.0	2465.0
org.apache.hadoop.hdfs.TestConnCache	9149.0	48696.0	30.0	2482.0
org.apache.hadoop.hdfs.TestDFSShellGenericOptions	9209.0	49098.0	20.0	2500.0
org.apache.hadoop.hdfs.TestDataStream	9215.0	49317.0	18.0	2492.0
org.apache.hadoop.hdfs.TestTrashWithEncryptionZones	9566.0	49999.0	26.0	2517.0
org.apache.hadoop.hdfs.MiniDFSNNTopology	9626.0	50582.0	28.0	2559.0
org.apache.hadoop.hdfs.TestApplyingStoragePolicy	9887.0	51545.0	22.0	2576.0
org.apache.hadoop.hdfs.TestFileConcurrentReader	10502.0	53005.0	41.0	2632.0
org.apache.hadoop.hdfs.TestParallelShortCircuitReadUnCached	9935.0	53209.0	19.0	2619.0
org.apache.hadoop.hdfs.TestDFSClientFailover	10762.0	54545.0	32.0	2736.0
org.apache.hadoop.hdfs.TestFSOutputSummer	10487.0	55197.0	31.0	2727.0
org.apache.hadoop.hdfs.TestDFSRename	10566.0	55896.0	27.0	2752.0
org.apache.hadoop.hdfs.TestLocalDFS	10575.0	56354.0	27.0	2755.0
org.apache.hadoop.hdfs.TestLeaseRecovery	11231.0	57586.0	36.0	2798.0
org.apache.hadoop.hdfs.FileAppendTest4	10859.0	57894.0	25.0	2791.0
org.apache.hadoop.hdfs.TestDataTransferProtocol	12107.0	60359.0	33.0	2951.0
org.apache.hadoop.hdfs.TestParallelShortCircuitReadNoChecksum	11145.0	60473.0	18.0	2912.0
org.apache.hadoop.hdfs.TestSmallBlock	11357.0	60930.0	30.0	2922.0
org.apache.hadoop.hdfs.TestFileCorruption	12067.0	62305.0	33.0	2975.0
org.apache.hadoop.hdfs.TestEncryptionZonesWithHA	11708.0	62774.0	24.0	2980.0
org.apache.hadoop.hdfs.TestListPathServlet	11970.0	63532.0	31.0	3017.0
org.apache.hadoop.hdfs.LogVerificationAppender	11721.0	63665.0	26.0	3004.0
org.apache.hadoop.hdfs.TestSeekBug	12115.0	64442.0	29.0	3031.0
org.apache.hadoop.hdfs.TestFileAppendRestart	12292.0	65248.0	29.0	3060.0
org.apache.hadoop.hdfs.TestInjectionForSimulatedStorage	12416.0	65921.0	36.0	3075.0
org.apache.hadoop.hdfs.TestFileAppend3	13400.0	68186.0	35.0	3120.0
org.apache.hadoop.hdfs.MiniDFSClusterWithNodeGroup	13064.0	69253.0	39.0	3155.0
org.apache.hadoop.hdfs.TestHDFSServerPorts	13389.0	70435.0	28.0	3209.0
org.apache.hadoop.hdfs.TestAbandonBlock	13112.0	70823.0	27.0	3201.0
org.apache.hadoop.hdfs.TestReadWhileWriting	13302.0	71382.0	35.0	3211.0
org.apache.hadoop.hdfs.TestEncryptedTransfer	14173.0	73197.0	35.0	3278.0
org.apache.hadoop.hdfs.TestDFSFinalize	13797.0	73915.0	27.0	3286.0
org.apache.hadoop.hdfs.TestFileAppend4	14345.0	75195.0	33.0	3325.0
org.apache.hadoop.hdfs.TestListFilesInDFS	13774.0	75279.0	19.0	3308.0
org.apache.hadoop.hdfs.TestFileCreationEmpty	13851.0	75496.0	26.0	3321.0
org.apache.hadoop.hdfs.TestClose	13846.0	75627.0	20.0	3322.0
org.apache.hadoop.hdfs.TestRestartDFS	14081.0	76139.0	21.0	3337.0
org.apache.hadoop.hdfs.TestDFSClientSocketSize	14074.0	76408.0	24.0	3350.0
org.apache.hadoop.hdfs.TestDataTransferKeepalive	14492.0	77263.0	32.0	3378.0
org.apache.hadoop.hdfs.TestRollingUpgradeRollback	14741.0	78278.0	31.0	3423.0
org.apache.hadoop.hdfs.TestParallelUnixDomainRead	14372.0	78425.0	18.0	3418.0
org.apache.hadoop.hdfs.TestHdfsAdmin	15014.0	79518.0	33.0	3474.0
org.apache.hadoop.hdfs.TestLeaseRecovery2	15783.0	81554.0	38.0	3540.0
org.apache.hadoop.hdfs.TestReplaceDatanodeOnFailure	15834.0	82873.0	43.0	3559.0
org.apache.hadoop.hdfs.TestReservedRawPaths	16126.0	84463.0	30.0	3610.0
org.apache.hadoop.hdfs.TestRenameWhileOpen	16156.0	85665.0	23.0	3599.0
org.apache.hadoop.hdfs.TestRollingUpgradeDowngrade	15868.0	86009.0	20.0	3594.0
org.apache.hadoop.hdfs.TestSecureEncryptionZoneWithKMS	16528.0	87131.0	30.0	3639.0
org.apache.hadoop.hdfs.TestDFSRemove	16022.0	87390.0	27.0	3617.0
org.apache.hadoop.hdfs.TestDatanodeReport	16531.0	88410.0	31.0	3648.0
org.apache.hadoop.hdfs.TestDFSInputStream	16544.0	89103.0	30.0	3664.0
org.apache.hadoop.hdfs.TestDFSUpgrade	17253.0	90934.0	33.0	3740.0
org.apache.hadoop.hdfs.TestReplaceDatanodeFailureReplication	17073.0	91705.0	39.0	3721.0
org.apache.hadoop.hdfs.TestHFlush	17834.0	93629.0	35.0	3765.0
org.apache.hadoop.hdfs.TestLargeBlock	17392.0	94161.0	37.0	3775.0
org.apache.hadoop.hdfs.TestFetchImage	17501.0	94728.0	25.0	3787.0
org.apache.hadoop.hdfs.TestAppendDifferentChecksum	17696.0	95533.0	32.0	3813.0
org.apache.hadoop.hdfs.DataNodeCluster	17959.0	96446.0	37.0	3884.0
org.apache.hadoop.hdfs.TestSnapshotCommands	18076.0	97571.0	24.0	3930.0
org.apache.hadoop.hdfs.TestMissingBlocksAlert	17984.0	97927.0	30.0	3873.0
org.apache.hadoop.hdfs.TestIsMethodSupported	18239.0	98641.0	18.0	3915.0
org.apache.hadoop.hdfs.TestDFSAddressConfig	18086.0	98963.0	20.0	3913.0
org.apache.hadoop.hdfs.TestExtendedAcls	18918.0	101153.0	25.0	3963.0
org.apache.hadoop.hdfs.TestBlocksScheduledCounter	18535.0	101497.0	25.0	3963.0
org.apache.hadoop.hdfs.TestBlockMissingException	18611.0	101863.0	32.0	3972.0
org.apache.hadoop.hdfs.AppendTestUtil	19204.0	102987.0	40.0	3992.0
org.apache.hadoop.hdfs.TestHDFSTrash	19093.0	103703.0	22.0	4032.0
org.apache.hadoop.hdfs.TestRead	18969.0	104069.0	24.0	4033.0
org.apache.hadoop.hdfs.TestCrcCorruption	19465.0	105070.0	35.0	4074.0
org.apache.hadoop.security.TestPermission	956.0	1515.0	31.0	206.0
org.apache.hadoop.security.TestPermissionSymlinks	1384.0	3467.0	26.0	282.0
org.apache.hadoop.security.TestRefreshUserMappings	1425.0	4515.0	29.0	392.0
org.apache.hadoop.cli.util.CryptoAdminCmdExecutor	55.0	69.0	16.0	31.0
org.apache.hadoop.cli.util.CLICommandDFSAdmin	18.0	77.0	9.0	32.0
org.apache.hadoop.cli.util.CacheAdminCmdExecutor	64.0	146.0	16.0	35.0
org.apache.hadoop.cli.util.CLICommandCryptoAdmin	27.0	154.0	9.0	35.0
org.apache.hadoop.cli.util.CLICommandCacheAdmin	28.0	163.0	9.0	36.0
org.apache.hadoop.fs.loadGenerator.TestLoadGenerator	724.0	1103.0	24.0	162.0
org.apache.hadoop.fs.viewfs.TestViewFileSystemAtHdfsRoot	180.0	217.0	23.0	71.0
org.apache.hadoop.fs.viewfs.TestViewFileSystemHdfs	364.0	642.0	25.0	127.0
org.apache.hadoop.fs.viewfs.TestViewFsFileStatusHdfs	435.0	1070.0	17.0	171.0
org.apache.hadoop.fs.viewfs.TestViewFsAtHdfsRoot	361.0	1285.0	25.0	176.0
org.apache.hadoop.fs.viewfs.TestViewFileSystemWithAcls	715.0	2179.0	21.0	231.0
org.apache.hadoop.fs.viewfs.TestViewFsWithAcls	883.0	3106.0	22.0	239.0
org.apache.hadoop.fs.viewfs.TestViewFsHdfs	672.0	3299.0	23.0	238.0
org.apache.hadoop.fs.viewfs.TestViewFileSystemWithTruncate	817.0	3658.0	28.0	262.0
org.apache.hadoop.fs.viewfs.TestViewFileSystemWithXAttrs	962.0	4257.0	19.0	278.0
org.apache.hadoop.fs.viewfs.TestViewFsWithXAttrs	1075.0	4892.0	20.0	279.0
org.apache.hadoop.fs.permission.TestStickyBit	995.0	1578.0	27.0	174.0
org.apache.hadoop.fs.shell.TestHdfsTextCommand	987.0	1772.0	20.0	179.0
org.apache.hadoop.fs.contract.hdfs.TestHDFSContractRootDirectory	68.0	74.0	15.0	28.0
org.apache.hadoop.fs.contract.hdfs.TestHDFSContractCreate	78.0	148.0	15.0	30.0
org.apache.hadoop.fs.contract.hdfs.TestHDFSContractOpen	88.0	222.0	15.0	32.0
org.apache.hadoop.fs.contract.hdfs.TestHDFSContractAppend	98.0	296.0	15.0	34.0
org.apache.hadoop.fs.contract.hdfs.TestHDFSContractSeek	108.0	370.0	15.0	36.0
org.apache.hadoop.fs.contract.hdfs.TestHDFSContractRename	118.0	444.0	15.0	38.0
org.apache.hadoop.fs.contract.hdfs.TestHDFSContractGetFileStatus	128.0	518.0	15.0	40.0
org.apache.hadoop.fs.contract.hdfs.TestHDFSContractConcat	145.0	602.0	15.0	45.0
org.apache.hadoop.fs.contract.hdfs.TestHDFSContractSetTimes	151.0	676.0	15.0	47.0
org.apache.hadoop.fs.contract.hdfs.TestHDFSContractMkdir	161.0	750.0	15.0	49.0
org.apache.hadoop.fs.contract.hdfs.TestHDFSContractDelete	171.0	824.0	15.0	51.0
org.apache.hadoop.fs.contract.hdfs.HDFSContract	300.0	1045.0	20.0	92.0
org.apache.hadoop.hdfs.util.TestCyclicIteration	185.0	220.0	28.0	59.0
org.apache.hadoop.hdfs.util.TestAtomicFileOutputStream	385.0	675.0	21.0	134.0
org.apache.hadoop.hdfs.util.TestLightWeightHashSet	1386.0	2594.0	33.0	244.0
org.apache.hadoop.hdfs.util.TestLightWeightLinkedSet	1783.0	4508.0	26.0	264.0
org.apache.hadoop.hdfs.util.TestCombinedHostsFileReader	1118.0	4674.0	16.0	261.0
org.apache.hadoop.hdfs.util.HostsFileWriter	1370.0	5165.0	24.0	313.0
org.apache.hadoop.hdfs.util.TestBestEffortLongFile	1264.0	5383.0	26.0	323.0
org.apache.hadoop.hdfs.util.TestXMLUtils	1270.0	5625.0	17.0	360.0
org.apache.hadoop.hdfs.util.TestMD5FileUtils	1409.0	5883.0	22.0	369.0
org.apache.hadoop.hdfs.util.TestDiff	2208.0	7212.0	42.0	448.0
org.apache.hadoop.hdfs.qjournal.MiniJournalCluster	662.0	843.0	32.0	168.0
org.apache.hadoop.hdfs.qjournal.MiniQJMHACluster	589.0	1359.0	27.0	220.0
org.apache.hadoop.hdfs.qjournal.TestNNWithQJM	707.0	2010.0	21.0	264.0
org.apache.hadoop.hdfs.qjournal.QJMTestUtil	879.0	2633.0	36.0	339.0
org.apache.hadoop.hdfs.qjournal.TestSecureNNWithQJM	1125.0	3423.0	20.0	423.0
org.apache.hadoop.hdfs.qjournal.TestMiniJournalCluster	702.0	3543.0	18.0	416.0
org.apache.hadoop.hdfs.shortcircuit.TestShortCircuitLocalRead	656	656	656	656
org.apache.hadoop.hdfs.shortcircuit.TestShortCircuitCache	791	791	791	791
org.apache.hadoop.hdfs.tools.TestStoragePolicyCommands	384.0	646.0	19.0	98.0
org.apache.hadoop.hdfs.tools.TestDFSHAAdminMiniCluster	694.0	1606.0	22.0	199.0
org.apache.hadoop.hdfs.tools.TestDFSHAAdmin	1389.0	3434.0	31.0	313.0
org.apache.hadoop.hdfs.tools.TestGetGroups	711.0	3408.0	17.0	276.0
org.apache.hadoop.hdfs.tools.TestDFSAdminWithHA	1394.0	4606.0	24.0	364.0
org.apache.hadoop.hdfs.tools.TestDebugAdmin	1358.0	5337.0	26.0	408.0
org.apache.hadoop.hdfs.tools.TestDFSAdmin	2679.0	7797.0	37.0	602.0
org.apache.hadoop.hdfs.tools.TestDFSZKFailoverController	2122.0	8674.0	31.0	639.0
org.apache.hadoop.hdfs.tools.TestGetConf	2829.0	10676.0	36.0	775.0
org.apache.hadoop.hdfs.web.TestWebHdfsFileSystemContract	606	606	606	606
org.apache.hadoop.hdfs.web.TestWebHDFS	1203	1203	1203	1203
org.apache.hadoop.hdfs.web.TestHftpFileSystem	1059.0	1693.0	28.0	242.0
org.apache.hadoop.hdfs.web.TestHttpsFileSystem	663.0	2091.0	18.0	236.0
org.apache.hadoop.hdfs.web.TestWebHDFSAcl	455.0	2175.0	16.0	244.0
org.apache.hadoop.hdfs.web.TestWebHdfsWithAuthenticationFilter	642.0	2473.0	23.0	273.0
org.apache.hadoop.hdfs.web.TestWebHdfsTimeouts	1198.0	3498.0	31.0	380.0
org.apache.hadoop.hdfs.web.WebHdfsTestUtil	912.0	3795.0	23.0	390.0
org.apache.hadoop.hdfs.web.TestFSMainOperationsWebHdfs	1338.0	4762.0	33.0	478.0
org.apache.hadoop.hdfs.web.TestJsonUtil	1684.0	6081.0	30.0	641.0
org.apache.hadoop.hdfs.web.TestWebHdfsWithRestCsrfPreventionFilter	1431.0	6521.0	26.0	622.0
org.apache.hadoop.hdfs.web.TestHttpFSPorts	1322.0	6800.0	16.0	631.0
org.apache.hadoop.hdfs.web.TestWebHDFSXAttr	1226.0	6825.0	13.0	626.0
org.apache.hadoop.hdfs.web.TestWebHdfsUrl	2112.0	8267.0	22.0	707.0
org.apache.hadoop.hdfs.web.TestWebHDFSForHA	2373.0	9508.0	31.0	798.0
org.apache.hadoop.hdfs.web.TestHftpDelegationToken	1967.0	9839.0	19.0	822.0
org.apache.hadoop.hdfs.web.TestWebHdfsTokens	3329.0	12485.0	33.0	887.0
org.apache.hadoop.hdfs.web.TestAuthFilter	2555.0	12852.0	23.0	904.0
org.apache.hadoop.hdfs.web.TestWebHdfsWithMultipleNameNodes	2877.0	13542.0	29.0	933.0
org.apache.hadoop.hdfs.crypto.TestHdfsCryptoStreams	223.0	274.0	25.0	70.0
org.apache.hadoop.hdfs.protocolPB.TestPBHelper	710	710	710	710
org.apache.hadoop.hdfs.security.TestDelegationToken	1000.0	1470.0	29.0	228.0
org.apache.hadoop.hdfs.security.TestClientProtocolWithDelegationToken	618.0	1848.0	24.0	253.0
org.apache.hadoop.hdfs.security.TestDelegationTokenForProxyUser	932.0	2634.0	29.0	346.0
org.apache.hadoop.hdfs.protocol.TestLayoutVersion	523.0	733.0	28.0	121.0
org.apache.hadoop.hdfs.protocol.TestLocatedBlock	228.0	842.0	16.0	142.0
org.apache.hadoop.hdfs.protocol.TestBlockListAsLongs	964.0	2072.0	29.0	291.0
org.apache.hadoop.hdfs.protocol.TestAnnotations	426.0	2139.0	14.0	298.0
org.apache.hadoop.hdfs.server.datanode.TestBlockScanner	909	909	909	909
org.apache.hadoop.hdfs.server.datanode.TestDataNodeVolumeFailure	762	762	762	762
org.apache.hadoop.hdfs.server.datanode.TestBPOfferService	934	934	934	934
org.apache.hadoop.hdfs.server.datanode.TestDataNodeHotSwapVolumes	869	869	869	869
org.apache.hadoop.hdfs.server.datanode.TestDirectoryScanner	1046	1046	1046	1046
org.apache.hadoop.hdfs.server.datanode.TestDataNodeVolumeFailureReporting	608	608	608	608
org.apache.hadoop.hdfs.server.datanode.TestBlockRecovery	977	977	977	977
org.apache.hadoop.hdfs.server.datanode.SimulatedFSDataset	1380	1380	1380	1380
org.apache.hadoop.hdfs.server.datanode.BlockReportTestBase	917	917	917	917
org.apache.hadoop.hdfs.server.datanode.DataNodeTestUtils	359.0	498.0	27.0	95.0
org.apache.hadoop.hdfs.server.datanode.TestIncrementalBlockReports	560.0	1074.0	22.0	171.0
org.apache.hadoop.hdfs.server.datanode.TestNNHandlesBlockReportPerStorage	291.0	1187.0	20.0	193.0
org.apache.hadoop.hdfs.server.datanode.TestDataStorage	771.0	1936.0	30.0	291.0
org.apache.hadoop.hdfs.server.datanode.TestBlockPoolSliceStorage	669.0	2380.0	25.0	339.0
org.apache.hadoop.hdfs.server.datanode.TestHdfsServerConstants	559.0	2610.0	16.0	367.0
org.apache.hadoop.hdfs.server.datanode.TestDataNodeLifeline	1277.0	3761.0	29.0	477.0
org.apache.hadoop.hdfs.server.datanode.TestDatanodeProtocolRetryPolicy	1330.0	4583.0	32.0	533.0
org.apache.hadoop.hdfs.server.datanode.TestStorageReport	1119.0	4941.0	23.0	543.0
org.apache.hadoop.hdfs.server.datanode.TestDnRespectsBlockReportSplitThreshold	1341.0	5591.0	29.0	574.0
org.apache.hadoop.hdfs.server.datanode.TestNNHandlesCombinedBlockReport	1016.0	5673.0	15.0	574.0
org.apache.hadoop.hdfs.server.datanode.TestDeleteBlockPool	1520.0	6674.0	27.0	646.0
org.apache.hadoop.hdfs.server.datanode.TestDataNodeVolumeFailureToleration	1738.0	7641.0	35.0	703.0
org.apache.hadoop.hdfs.server.datanode.FsDatasetImplTestUtilsFactory	1345.0	7655.0	17.0	690.0
org.apache.hadoop.hdfs.server.datanode.TestFsDatasetCache	3142.0	10253.0	37.0	895.0
org.apache.hadoop.hdfs.server.datanode.TestDataNodeRollingUpgrade	3038.0	12223.0	34.0	988.0
org.apache.hadoop.hdfs.server.datanode.TestDataNodeMetrics	3381.0	13970.0	37.0	1102.0
org.apache.hadoop.hdfs.server.datanode.TestDataNodeMXBean	2910.0	14574.0	30.0	1112.0
org.apache.hadoop.hdfs.server.datanode.TestDataXceiverLazyPersistHint	3054.0	15225.0	26.0	1151.0
org.apache.hadoop.hdfs.server.datanode.TestFsDatasetCacheRevocation	3270.0	15962.0	24.0	1189.0
org.apache.hadoop.hdfs.server.datanode.TestTransferRbw	3321.0	16581.0	31.0	1228.0
org.apache.hadoop.hdfs.server.datanode.TestSimulatedFSDataset	3988.0	18292.0	42.0	1314.0
org.apache.hadoop.hdfs.server.datanode.TestDataNodeExit	3518.0	18623.0	31.0	1331.0
org.apache.hadoop.hdfs.server.datanode.TestIncrementalBrVariations	3994.0	19548.0	31.0	1370.0
org.apache.hadoop.hdfs.server.datanode.TestReadOnlySharedStorage	4156.0	20487.0	33.0	1422.0
org.apache.hadoop.hdfs.server.datanode.TestBlockHasMultipleReplicasOnSameDN	4015.0	20961.0	29.0	1431.0
org.apache.hadoop.hdfs.server.datanode.TestBlockReplacement	4883.0	22787.0	43.0	1538.0
org.apache.hadoop.hdfs.server.datanode.TestDataNodeMetricsLogger	4536.0	23391.0	35.0	1546.0
org.apache.hadoop.hdfs.server.datanode.TestDiskError	4933.0	24585.0	35.0	1607.0
org.apache.hadoop.hdfs.server.datanode.TestDataNodeTransferSocketSize	4482.0	24778.0	20.0	1602.0
org.apache.hadoop.hdfs.server.datanode.TestBlockPoolManager	4766.0	25357.0	28.0	1652.0
org.apache.hadoop.hdfs.server.datanode.TestDataNodeMultipleRegistrations	5525.0	26997.0	28.0	1738.0
org.apache.hadoop.hdfs.server.datanode.TestDataNodeECN	4872.0	27033.0	16.0	1696.0
org.apache.hadoop.hdfs.server.datanode.TestBatchIbr	5616.0	27993.0	36.0	1770.0
org.apache.hadoop.hdfs.server.datanode.FsDatasetTestUtils	5208.0	28292.0	25.0	1794.0
org.apache.hadoop.hdfs.server.datanode.TestDatanodeStartupOptions	5142.0	28508.0	20.0	1807.0
org.apache.hadoop.hdfs.server.datanode.TestDataNodeReconfiguration	5618.0	29343.0	33.0	1848.0
org.apache.hadoop.hdfs.server.datanode.TestDataNodeFSDataSetSink	5453.0	29663.0	27.0	1876.0
org.apache.hadoop.hdfs.server.datanode.TestStartSecureDataNode	5504.0	29964.0	21.0	1893.0
org.apache.hadoop.hdfs.server.datanode.TestDatanodeRegister	5601.0	30352.0	19.0	1903.0
org.apache.hadoop.hdfs.server.datanode.TestDataDirs	5801.0	31041.0	21.0	1936.0
org.apache.hadoop.hdfs.server.datanode.TestTriggerBlockReport	5921.0	31566.0	26.0	1927.0
org.apache.hadoop.hdfs.server.datanode.InternalDataNodeTestUtils	6014.0	32110.0	23.0	1939.0
org.apache.hadoop.hdfs.server.datanode.TestDataNodeUUID	5952.0	32468.0	24.0	1957.0
org.apache.hadoop.hdfs.server.datanode.TestRefreshNamenodes	5991.0	32757.0	25.0	1969.0
org.apache.hadoop.hdfs.server.datanode.TestDataNodeInitStorage	5989.0	32967.0	26.0	1971.0
org.apache.hadoop.hdfs.server.datanode.TestBpServiceActorScheduler	6316.0	33596.0	29.0	2005.0
org.apache.hadoop.hdfs.server.datanode.TestCachingStrategy	7049.0	35176.0	42.0	2083.0
org.apache.hadoop.hdfs.server.datanode.TestLargeBlockReport	6602.0	35569.0	28.0	2082.0
org.apache.hadoop.hdfs.server.datanode.TestHSync	6908.0	36523.0	23.0	2120.0
org.apache.hadoop.hdfs.server.mover.TestStorageMover	793	793	793	793
org.apache.hadoop.hdfs.server.mover.TestMover	1578.0	2420.0	32.0	254.0
org.apache.hadoop.hdfs.server.namenode.NNThroughputBenchmark	1556	1556	1556	1556
org.apache.hadoop.hdfs.server.namenode.TestNameEditsConfigs	625	625	625	625
org.apache.hadoop.hdfs.server.namenode.TestAclTransformation	1257	1257	1257	1257
org.apache.hadoop.hdfs.server.namenode.TestFileTruncate	1283	1283	1283	1283
org.apache.hadoop.hdfs.server.namenode.TestStartup	752	752	752	752
org.apache.hadoop.hdfs.server.namenode.TestEditLog	1706	1706	1706	1706
org.apache.hadoop.hdfs.server.namenode.TestNameNodeRecovery	679	679	679	679
org.apache.hadoop.hdfs.server.namenode.TestSaveNamespace	697	697	697	697
org.apache.hadoop.hdfs.server.namenode.FSImageTestUtil	607	607	607	607
org.apache.hadoop.hdfs.server.namenode.TestCheckpoint	2555	2555	2555	2555
org.apache.hadoop.hdfs.server.namenode.TestFsck	1824	1824	1824	1824
org.apache.hadoop.hdfs.server.namenode.TestINodeFile	1118	1118	1118	1118
org.apache.hadoop.hdfs.server.namenode.FSXAttrBaseTest	1394	1394	1394	1394
org.apache.hadoop.hdfs.server.namenode.TestQuotaByStorageType	952	952	952	952
org.apache.hadoop.hdfs.server.namenode.TestCacheDirectives	1486	1486	1486	1486
org.apache.hadoop.hdfs.server.namenode.TestListCorruptFileBlocks	601	601	601	601
org.apache.hadoop.hdfs.server.namenode.FSAclBaseTest	1704	1704	1704	1704
org.apache.hadoop.hdfs.server.namenode.TestFSEditLogLoader	1191.0	1667.0	41.0	290.0
org.apache.hadoop.hdfs.server.namenode.TestNamenodeRetryCache	1374.0	3345.0	30.0	425.0
org.apache.hadoop.hdfs.server.namenode.TestDeduplicationMap	655.0	3395.0	14.0	411.0
org.apache.hadoop.hdfs.server.namenode.TestNNStorageRetentionFunctional	948.0	4025.0	20.0	468.0
org.apache.hadoop.hdfs.server.namenode.TestFSDirAttrOp	865.0	4250.0	20.0	478.0
org.apache.hadoop.hdfs.server.namenode.TestListOpenFiles	1415.0	5135.0	38.0	560.0
org.apache.hadoop.hdfs.server.namenode.TestNameCache	1047.0	5370.0	26.0	565.0
org.apache.hadoop.hdfs.server.namenode.TestCommitBlockSynchronization	1468.0	6304.0	27.0	621.0
org.apache.hadoop.hdfs.server.namenode.TestEditsDoubleBuffer	1421.0	6794.0	25.0	663.0
org.apache.hadoop.hdfs.server.namenode.TestUpgradeDomainBlockPlacementPolicy	1924.0	7781.0	32.0	732.0
org.apache.hadoop.hdfs.server.namenode.TestEncryptionZoneManager	1887.0	8535.0	21.0	766.0
org.apache.hadoop.hdfs.server.namenode.TestPathComponents	1803.0	9198.0	22.0	803.0
org.apache.hadoop.hdfs.server.namenode.TestFSImageWithXAttr	1972.0	9606.0	22.0	807.0
org.apache.hadoop.hdfs.server.namenode.TestStorageRestore	2851.0	11334.0	34.0	936.0
org.apache.hadoop.hdfs.server.namenode.TestClusterId	3017.0	12804.0	27.0	992.0
org.apache.hadoop.hdfs.server.namenode.TestXAttrFeature	2713.0	13207.0	24.0	1021.0
org.apache.hadoop.hdfs.server.namenode.TestNameNodeRpcServerMethods	2596.0	13384.0	18.0	1019.0
org.apache.hadoop.hdfs.server.namenode.CreateEditsLog	3015.0	14197.0	31.0	1097.0
org.apache.hadoop.hdfs.server.namenode.TestSecondaryWebUi	2803.0	14389.0	17.0	1093.0
org.apache.hadoop.hdfs.server.namenode.TestEditLogFileOutputStream	2948.0	14799.0	30.0	1115.0
org.apache.hadoop.hdfs.server.namenode.TestFileLimit	3266.0	15554.0	37.0	1173.0
org.apache.hadoop.hdfs.server.namenode.TestFSImageWithSnapshot	4087.0	17452.0	32.0	1283.0
org.apache.hadoop.hdfs.server.namenode.TestEditLogFileInputStream	3638.0	18016.0	28.0	1322.0
org.apache.hadoop.hdfs.server.namenode.TestLeaseManager	3783.0	18744.0	30.0	1355.0
org.apache.hadoop.hdfs.server.namenode.TestHostsFiles	3851.0	19356.0	27.0	1384.0
org.apache.hadoop.hdfs.server.namenode.TestNameNodeResourceChecker	4117.0	20223.0	30.0	1431.0
org.apache.hadoop.hdfs.server.namenode.TestFSDirectory	4997.0	22200.0	40.0	1549.0
org.apache.hadoop.hdfs.server.namenode.TestCheckPointForSecurityTokens	4542.0	22788.0	31.0	1529.0
org.apache.hadoop.hdfs.server.namenode.TestMetadataVersionOutput	4391.0	23067.0	21.0	1551.0
org.apache.hadoop.hdfs.server.namenode.TestDefaultBlockPlacementPolicy	4587.0	23619.0	30.0	1579.0
org.apache.hadoop.hdfs.server.namenode.TestSecureNameNodeWithExternalKdc	4579.0	23977.0	26.0	1608.0
org.apache.hadoop.hdfs.server.namenode.TestFSNamesystemLock	5309.0	25416.0	28.0	1690.0
org.apache.hadoop.hdfs.server.namenode.FileNameGenerator	4802.0	25583.0	32.0	1690.0
org.apache.hadoop.hdfs.server.namenode.TestValidateConfigurationSettings	4976.0	25979.0	25.0	1712.0
org.apache.hadoop.hdfs.server.namenode.TestNameNodeRpcServer	4842.0	26087.0	17.0	1712.0
org.apache.hadoop.hdfs.server.namenode.TestGetBlockLocations	5195.0	26675.0	26.0	1758.0
org.apache.hadoop.hdfs.server.namenode.TestFileJournalManager	6116.0	28784.0	36.0	1876.0
org.apache.hadoop.hdfs.server.namenode.TestMalformedURLs	5293.0	28865.0	16.0	1848.0
org.apache.hadoop.hdfs.server.namenode.TestTransferFsImage	5724.0	29593.0	28.0	1913.0
org.apache.hadoop.hdfs.server.namenode.TestLargeDirectoryDelete	5865.0	30245.0	43.0	1939.0
org.apache.hadoop.hdfs.server.namenode.TestNameNodeXAttr	5676.0	30547.0	22.0	1934.0
org.apache.hadoop.hdfs.server.namenode.TestNamenodeCapacityReport	6487.0	31890.0	40.0	2028.0
org.apache.hadoop.hdfs.server.namenode.TestNameNodeAcl	5810.0	31901.0	15.0	2016.0
org.apache.hadoop.hdfs.server.namenode.TestBlockUnderConstruction	6421.0	32789.0	35.0	2068.0
org.apache.hadoop.hdfs.server.namenode.TestFavoredNodesEndToEnd	6742.0	33932.0	33.0	2108.0
org.apache.hadoop.hdfs.server.namenode.TestStartupProgressServlet	6806.0	35109.0	20.0	2165.0
org.apache.hadoop.hdfs.server.namenode.TestFileContextXAttr	6542.0	35228.0	24.0	2147.0
org.apache.hadoop.hdfs.server.namenode.TestProcessCorruptBlocks	7043.0	36387.0	29.0	2180.0
org.apache.hadoop.hdfs.server.namenode.TestFsLimits	7217.0	37413.0	30.0	2244.0
org.apache.hadoop.hdfs.server.namenode.TestNameNodeMXBean	8323.0	39850.0	38.0	2394.0
org.apache.hadoop.hdfs.server.namenode.TestGetImageServlet	7456.0	40078.0	19.0	2352.0
org.apache.hadoop.hdfs.server.namenode.TestAuditLogger	8694.0	42092.0	36.0	2448.0
org.apache.hadoop.hdfs.server.namenode.TestBackupNode	9113.0	44274.0	36.0	2553.0
org.apache.hadoop.hdfs.server.namenode.TestINodeAttributeProvider	8841.0	45360.0	33.0	2583.0
org.apache.hadoop.hdfs.server.namenode.TestDeadDatanode	9021.0	46347.0	29.0	2623.0
org.apache.hadoop.hdfs.server.namenode.TestSnapshotPathINodes	9653.0	48314.0	37.0	2690.0
org.apache.hadoop.hdfs.server.namenode.TestCommitBlockWithInvalidGenStamp	9140.0	48664.0	24.0	2681.0
org.apache.hadoop.hdfs.server.namenode.TestDeleteRace	10097.0	50293.0	41.0	2795.0
org.apache.hadoop.hdfs.server.namenode.TestNameNodeHttpServerXFrame	9452.0	50645.0	20.0	2788.0
org.apache.hadoop.hdfs.server.namenode.TestFsckWithMultipleNameNodes	9690.0	51214.0	28.0	2819.0
org.apache.hadoop.hdfs.server.namenode.TestFSNamesystemMBean	9850.0	51918.0	35.0	2845.0
org.apache.hadoop.hdfs.server.namenode.TestAddBlockRetry	9899.0	52572.0	25.0	2857.0
org.apache.hadoop.hdfs.server.namenode.TestNNStorageRetentionManager	10770.0	54593.0	31.0	2933.0
org.apache.hadoop.hdfs.server.namenode.TestStreamFile	10669.0	55562.0	35.0	3001.0
org.apache.hadoop.hdfs.server.namenode.TestNNThroughputBenchmark	10386.0	55927.0	18.0	3001.0
org.apache.hadoop.hdfs.server.namenode.TestFileContextAcl	10370.0	56154.0	22.0	2998.0
org.apache.hadoop.hdfs.server.namenode.TestGenericJournalConf	10744.0	56861.0	33.0	3038.0
org.apache.hadoop.hdfs.server.namenode.TestNameNodeMetadataConsistency	10827.0	57485.0	23.0	3066.0
org.apache.hadoop.hdfs.server.namenode.TestAclConfigFlag	10864.0	58056.0	19.0	3084.0
org.apache.hadoop.hdfs.server.namenode.TestNameNodeRespectsBindHostKeys	11348.0	59193.0	23.0	3142.0
org.apache.hadoop.hdfs.server.namenode.TestNestedEncryptionZones	11536.0	60309.0	23.0	3223.0
org.apache.hadoop.hdfs.server.namenode.TestAddBlock	11445.0	60969.0	23.0	3208.0
org.apache.hadoop.hdfs.server.namenode.TestStartupOptionUpgrade	11416.0	61354.0	22.0	3229.0
org.apache.hadoop.hdfs.server.namenode.TestSecurityTokenEditLog	11873.0	62278.0	34.0	3259.0
org.apache.hadoop.hdfs.server.namenode.TestStoragePolicySummary	12120.0	63634.0	19.0	3301.0
org.apache.hadoop.hdfs.server.namenode.TestEditLogRace	12936.0	65474.0	45.0	3377.0
org.apache.hadoop.hdfs.server.namenode.TestFSImageStorageInspector	12075.0	65607.0	15.0	3344.0
org.apache.hadoop.hdfs.server.namenode.TestNameNodeHttpServer	12323.0	66094.0	30.0	3365.0
org.apache.hadoop.hdfs.server.namenode.TestAuditLogAtDebug	12343.0	66584.0	21.0	3385.0
org.apache.hadoop.hdfs.server.namenode.TestNameNodeMetricsLogger	12543.0	67115.0	34.0	3421.0
org.apache.hadoop.hdfs.server.namenode.TestAuditLogs	13288.0	68671.0	36.0	3505.0
org.apache.hadoop.hdfs.server.namenode.MockNameNodeResourceChecker	12528.0	68679.0	18.0	3479.0
org.apache.hadoop.hdfs.server.namenode.TestTruncateQuotaUpdate	12967.0	69378.0	28.0	3505.0
org.apache.hadoop.hdfs.server.namenode.TestNameNodeRetryCacheMetrics	12841.0	69689.0	19.0	3519.0
org.apache.hadoop.hdfs.server.namenode.TestXAttrConfigFlag	12905.0	70067.0	18.0	3523.0
org.apache.hadoop.hdfs.server.namenode.TestAllowFormat	13152.0	70641.0	22.0	3567.0
org.apache.hadoop.hdfs.server.namenode.AclTestHelpers	13017.0	70942.0	22.0	3550.0
org.apache.hadoop.hdfs.server.namenode.TestParallelImageWrite	13267.0	71530.0	25.0	3586.0
org.apache.hadoop.hdfs.server.namenode.TestNameNodeOptionParsing	13294.0	72117.0	17.0	3608.0
org.apache.hadoop.hdfs.server.namenode.TestProtectedDirectories	13793.0	73230.0	33.0	3652.0
org.apache.hadoop.hdfs.server.namenode.TestFSImageWithAcl	14041.0	74501.0	22.0	3649.0
org.apache.hadoop.hdfs.server.namenode.TestSecondaryNameNodeUpgrade	13830.0	74881.0	26.0	3675.0
org.apache.hadoop.hdfs.server.namenode.TestEditLogJournalFailures	14268.0	75860.0	28.0	3698.0
org.apache.hadoop.hdfs.server.namenode.TestEditLogAutoroll	14247.0	76346.0	32.0	3699.0
org.apache.hadoop.hdfs.server.namenode.TestCreateEditsLog	14127.0	76668.0	21.0	3715.0
org.apache.hadoop.hdfs.server.namenode.TestDiskspaceQuotaUpdate	15525.0	79145.0	40.0	3774.0
org.apache.hadoop.hdfs.server.namenode.TestNameNodeResourcePolicy	14647.0	79644.0	22.0	3773.0
org.apache.hadoop.hdfs.server.namenode.TestFSNamesystem	15427.0	81004.0	28.0	3834.0
org.apache.hadoop.hdfs.server.namenode.TestBlockPlacementPolicyRackFaultTolerant	15358.0	81935.0	31.0	3842.0
org.apache.hadoop.hdfs.server.namenode.TestHDFSConcat	16282.0	84133.0	34.0	3939.0
org.apache.hadoop.hdfs.server.namenode.TestFSImage	16178.0	85377.0	24.0	3958.0
org.apache.hadoop.hdfs.server.namenode.TestMetaSave	16157.0	86241.0	31.0	3972.0
org.apache.hadoop.hdfs.server.namenode.TestFSPermissionChecker	16693.0	88993.0	24.0	4013.0
org.apache.hadoop.hdfs.server.namenode.OfflineEditsViewerHelper	16310.0	89176.0	26.0	4016.0
org.apache.hadoop.hdfs.server.namenode.TestDecommissioningStatus	17490.0	91421.0	37.0	4120.0
org.apache.hadoop.hdfs.server.namenode.NameNodeAdapter	17202.0	92487.0	29.0	4161.0
org.apache.hadoop.hdfs.server.blockmanagement.TestBlockTokenWithDFS	605	605	605	605
org.apache.hadoop.hdfs.server.blockmanagement.TestBlockManager	1286	1286	1286	1286
org.apache.hadoop.hdfs.server.blockmanagement.TestReplicationPolicyWithNodeGroup	918	918	918	918
org.apache.hadoop.hdfs.server.blockmanagement.TestReplicationPolicy	1536	1536	1536	1536
org.apache.hadoop.hdfs.server.blockmanagement.BaseReplicationPolicyTest	412.0	641.0	26.0	137.0
org.apache.hadoop.hdfs.server.blockmanagement.TestUnderReplicatedBlocks	414.0	1104.0	24.0	201.0
org.apache.hadoop.hdfs.server.blockmanagement.TestBlockPlacementStatusWithUpgradeDomain	310.0	1307.0	17.0	219.0
org.apache.hadoop.hdfs.server.blockmanagement.TestNameNodePrunesMissingStorages	1392.0	3000.0	36.0	392.0
org.apache.hadoop.hdfs.server.blockmanagement.TestSequentialBlockId	984.0	3610.0	29.0	424.0
org.apache.hadoop.hdfs.server.blockmanagement.TestBlockReportRateLimiting	1247.0	4392.0	36.0	503.0
org.apache.hadoop.hdfs.server.blockmanagement.TestPendingInvalidateBlock	1409.0	5257.0	33.0	543.0
org.apache.hadoop.hdfs.server.blockmanagement.TestPendingDataNodeMessages	1117.0	5478.0	19.0	562.0
org.apache.hadoop.hdfs.server.blockmanagement.TestReplicationPolicyWithUpgradeDomain	2370.0	8112.0	31.0	631.0
org.apache.hadoop.hdfs.server.blockmanagement.TestDatanodeDescriptor	1762.0	8418.0	24.0	644.0
org.apache.hadoop.hdfs.server.blockmanagement.TestNodeCount	2024.0	9031.0	34.0	690.0
org.apache.hadoop.hdfs.server.blockmanagement.TestCorruptReplicaInfo	1995.0	9525.0	27.0	722.0
org.apache.hadoop.hdfs.server.blockmanagement.TestUnderReplicatedBlockQueues	1995.0	9965.0	27.0	744.0
org.apache.hadoop.hdfs.server.blockmanagement.TestBlockInfo	2356.0	10691.0	31.0	802.0
org.apache.hadoop.hdfs.server.blockmanagement.TestCachedBlocksList	2481.0	11511.0	26.0	825.0
org.apache.hadoop.hdfs.server.blockmanagement.TestOverReplicatedBlocks	2791.0	12412.0	35.0	863.0
org.apache.hadoop.hdfs.server.blockmanagement.TestPendingReplication	3431.0	14186.0	36.0	925.0
org.apache.hadoop.hdfs.server.blockmanagement.TestHeartbeatHandling	3561.0	15635.0	28.0	964.0
org.apache.hadoop.hdfs.server.blockmanagement.TestRBWBlockInvalidation	3550.0	16504.0	33.0	1018.0
org.apache.hadoop.hdfs.server.blockmanagement.TestReplicationPolicyConsiderLoad	3548.0	17342.0	32.0	1041.0
org.apache.hadoop.hdfs.server.blockmanagement.TestBlocksWithNotEnoughRacks	4281.0	19144.0	31.0	1075.0
org.apache.hadoop.hdfs.server.blockmanagement.TestAvailableSpaceBlockPlacementPolicy	4026.0	19744.0	33.0	1106.0
org.apache.hadoop.hdfs.server.blockmanagement.TestDatanodeManager	4842.0	21598.0	36.0	1251.0
org.apache.hadoop.hdfs.server.blockmanagement.BlockManagerTestUtil	4647.0	22518.0	34.0	1269.0
org.apache.hadoop.hdfs.server.blockmanagement.TestHost2NodesMap	4393.0	22941.0	22.0	1282.0
org.apache.hadoop.hdfs.server.blockmanagement.TestBlockUnderConstructionFeature	4454.0	23266.0	17.0	1291.0
org.apache.hadoop.hdfs.server.blockmanagement.TestComputeInvalidateWork	4806.0	23968.0	32.0	1308.0
org.apache.hadoop.hdfs.server.blockmanagement.TestHostFileManager	4957.0	24928.0	20.0	1340.0
org.apache.hadoop.hdfs.server.blockmanagement.TestBlockStatsMXBean	5261.0	25839.0	32.0	1381.0
org.apache.hadoop.hdfs.server.balancer.TestBalancer	1948	1948	1948	1948
org.apache.hadoop.hdfs.server.balancer.TestBalancerWithMultipleNameNodes	1479.0	2089.0	43.0	298.0
org.apache.hadoop.hdfs.server.balancer.TestKeyManager	600.0	2299.0	20.0	293.0
org.apache.hadoop.hdfs.server.balancer.TestBalancerRPCDelay	440.0	2321.0	13.0	291.0
org.apache.hadoop.hdfs.server.balancer.TestBalancerWithNodeGroup	1395.0	3676.0	41.0	387.0
org.apache.hadoop.hdfs.server.balancer.TestBalancerWithHANameNodes	936.0	4041.0	26.0	388.0
org.apache.hadoop.hdfs.server.balancer.TestBalancerWithSaslDataTransfer	763.0	4114.0	17.0	400.0
org.apache.hadoop.hdfs.server.balancer.TestBalancerWithEncryptedTransfer	809.0	4226.0	15.0	405.0
org.apache.hadoop.hdfs.server.common.TestJspHelper	1239.0	2149.0	34.0	203.0
org.apache.hadoop.hdfs.server.common.TestGetUriFromString	573.0	2336.0	16.0	214.0
org.apache.hadoop.hdfs.server.common.StorageAdapter	456.0	2367.0	14.0	209.0
org.apache.hadoop.hdfs.server.datanode.fsdataset.TestAvailableSpaceVolumeChoosingPolicy	876.0	1383.0	29.0	101.0
org.apache.hadoop.hdfs.server.datanode.fsdataset.TestRoundRobinVolumeChoosingPolicy	515.0	1737.0	21.0	124.0
org.apache.hadoop.hdfs.server.datanode.web.TestDatanodeHttpXFrame	208.0	285.0	18.0	82.0
org.apache.hadoop.hdfs.server.datanode.extdataset.ExternalVolumeImpl	150.0	218.0	16.0	58.0
org.apache.hadoop.hdfs.server.datanode.extdataset.ExternalReplicaInPipeline	191.0	427.0	17.0	91.0
org.apache.hadoop.hdfs.server.datanode.extdataset.ExternalReplica	147.0	520.0	13.0	93.0
org.apache.hadoop.hdfs.server.datanode.extdataset.TestExternalDataset	176.0	616.0	16.0	104.0
org.apache.hadoop.hdfs.server.datanode.extdataset.ExternalDatasetImpl	867.0	1860.0	27.0	281.0
org.apache.hadoop.hdfs.server.datanode.fsdataset.impl.TestFsDatasetImpl	691	691	691	691
org.apache.hadoop.hdfs.server.datanode.fsdataset.impl.TestSpaceReservation	748	748	748	748
org.apache.hadoop.hdfs.server.datanode.fsdataset.impl.TestWriteToReplica	672	672	672	672
org.apache.hadoop.hdfs.server.datanode.fsdataset.impl.TestLazyPersistFiles	713.0	1012.0	32.0	177.0
org.apache.hadoop.hdfs.server.datanode.fsdataset.impl.TestDatanodeRestart	878.0	1942.0	37.0	290.0
org.apache.hadoop.hdfs.server.datanode.fsdataset.impl.TestLazyPersistPolicy	577.0	2243.0	17.0	300.0
org.apache.hadoop.hdfs.server.datanode.fsdataset.impl.FsDatasetImplTestUtils	1490.0	3855.0	35.0	448.0
org.apache.hadoop.hdfs.server.datanode.fsdataset.impl.TestInterDatanodeProtocol	1846.0	5514.0	37.0	569.0
org.apache.hadoop.hdfs.server.datanode.fsdataset.impl.TestLazyPersistLockedMemory	1468.0	6235.0	28.0	596.0
org.apache.hadoop.hdfs.server.datanode.fsdataset.impl.TestScrLazyPersistFiles	1722.0	7200.0	30.0	648.0
org.apache.hadoop.hdfs.server.datanode.fsdataset.impl.TestFsVolumeList	1904.0	8106.0	28.0	732.0
org.apache.hadoop.hdfs.server.datanode.fsdataset.impl.TestReplicaMap	1624.0	8418.0	17.0	738.0
org.apache.hadoop.hdfs.server.datanode.fsdataset.impl.LazyPersistTestCase	2864.0	10205.0	41.0	862.0
org.apache.hadoop.hdfs.server.datanode.fsdataset.impl.TestLazyWriter	2373.0	11118.0	25.0	883.0
org.apache.hadoop.hdfs.server.datanode.fsdataset.impl.TestLazyPersistReplicaPlacement	2333.0	11650.0	29.0	887.0
org.apache.hadoop.hdfs.server.datanode.fsdataset.impl.FsDatasetTestUtil	2384.0	12068.0	25.0	905.0
org.apache.hadoop.hdfs.server.datanode.fsdataset.impl.TestLazyPersistReplicaRecovery	2277.0	12272.0	18.0	908.0
org.apache.hadoop.hdfs.server.datanode.web.webhdfs.TestParameterParser	228.0	265.0	22.0	85.0
org.apache.hadoop.hdfs.server.datanode.web.webhdfs.TestDataNodeUGIProvider	686.0	1160.0	25.0	193.0
org.apache.hadoop.hdfs.server.namenode.startupprogress.TestStartupProgress	1153.0	2313.0	30.0	167.0
org.apache.hadoop.hdfs.server.namenode.startupprogress.StartupProgressTestHelper	592.0	2657.0	18.0	177.0
org.apache.hadoop.hdfs.server.namenode.startupprogress.TestStartupProgressMetrics	699.0	3232.0	16.0	211.0
org.apache.hadoop.hdfs.server.namenode.ha.TestHAStateTransitions	606	606	606	606
org.apache.hadoop.hdfs.server.namenode.ha.TestHASafeMode	853	853	853	853
org.apache.hadoop.hdfs.server.namenode.ha.TestDFSUpgradeWithHA	771	771	771	771
org.apache.hadoop.hdfs.server.namenode.ha.TestDNFencing	650	650	650	650
org.apache.hadoop.hdfs.server.namenode.ha.TestRetryCacheWithHA	1450	1450	1450	1450
org.apache.hadoop.hdfs.server.namenode.ha.TestPendingCorruptDnMessages	351.0	478.0	26.0	124.0
org.apache.hadoop.hdfs.server.namenode.ha.TestNNHealthCheck	357.0	837.0	20.0	170.0
org.apache.hadoop.hdfs.server.namenode.ha.TestDelegationTokensWithHA	1280.0	2461.0	42.0	344.0
org.apache.hadoop.hdfs.server.namenode.ha.TestBootstrapStandby	1219.0	3572.0	33.0	426.0
org.apache.hadoop.hdfs.server.namenode.ha.TestEditLogsDuringFailover	1169.0	4316.0	31.0	467.0
org.apache.hadoop.hdfs.server.namenode.ha.TestLossyRetryInvocationHandler	883.0	4416.0	16.0	464.0
org.apache.hadoop.hdfs.server.namenode.ha.TestHAMetrics	1281.0	5159.0	24.0	507.0
org.apache.hadoop.hdfs.server.namenode.ha.TestInitializeSharedEdits	1397.0	5793.0	20.0	531.0
org.apache.hadoop.hdfs.server.namenode.ha.TestStandbyIsHot	1632.0	6653.0	31.0	582.0
org.apache.hadoop.hdfs.server.namenode.ha.TestHarFileSystemWithHA	1358.0	6851.0	19.0	583.0
org.apache.hadoop.hdfs.server.namenode.ha.TestStateTransitionFailure	1346.0	6989.0	19.0	588.0
org.apache.hadoop.hdfs.server.namenode.ha.TestFailoverWithBlockTokensEnabled	1821.0	7773.0	29.0	649.0
org.apache.hadoop.hdfs.server.namenode.ha.HAStressTestHarness	1679.0	8142.0	25.0	670.0
org.apache.hadoop.hdfs.server.namenode.ha.TestHAFsck	1682.0	8459.0	19.0	687.0
org.apache.hadoop.hdfs.server.namenode.ha.TestFailureOfSharedDir	1972.0	9139.0	26.0	727.0
org.apache.hadoop.hdfs.server.namenode.ha.HATestUtil	2137.0	9850.0	37.0	757.0
org.apache.hadoop.hdfs.server.namenode.ha.TestStandbyBlockManagement	1970.0	10132.0	19.0	749.0
org.apache.hadoop.hdfs.server.namenode.ha.TestDNFencingWithReplication	2148.0	10599.0	34.0	781.0
org.apache.hadoop.hdfs.server.namenode.ha.TestStandbyCheckpoints	3179.0	12604.0	41.0	919.0
org.apache.hadoop.hdfs.server.namenode.ha.TestGetGroupsWithHA	2325.0	12703.0	18.0	899.0
org.apache.hadoop.hdfs.server.namenode.ha.TestFailureToReadEdits	3145.0	13990.0	40.0	969.0
org.apache.hadoop.hdfs.server.namenode.ha.TestPipelinesFailover	3681.0	15790.0	40.0	1053.0
org.apache.hadoop.hdfs.server.namenode.ha.TestHAConfiguration	3093.0	16241.0	24.0	1066.0
org.apache.hadoop.hdfs.server.namenode.ha.TestHAAppend	3173.0	16718.0	30.0	1080.0
org.apache.hadoop.hdfs.server.namenode.ha.TestEditLogTailer	3505.0	17486.0	35.0	1104.0
org.apache.hadoop.hdfs.server.namenode.ha.TestXAttrsWithHA	3349.0	17867.0	22.0	1125.0
org.apache.hadoop.hdfs.server.namenode.ha.TestBootstrapStandbyWithQJM	3496.0	18418.0	24.0	1150.0
org.apache.hadoop.hdfs.server.namenode.ha.TestQuotasWithHA	3628.0	19027.0	26.0	1171.0
org.apache.hadoop.hdfs.server.namenode.metrics.TestNameNodeMetrics	801	801	801	801
org.apache.hadoop.hdfs.server.namenode.metrics.TestTopMetrics	161.0	226.0	13.0	58.0
org.apache.hadoop.hdfs.server.namenode.metrics.TestNNMetricFilesInGetListingOps	255.0	520.0	18.0	112.0
org.apache.hadoop.hdfs.server.namenode.snapshot.TestAclWithSnapshot	934	934	934	934
org.apache.hadoop.hdfs.server.namenode.snapshot.TestSnapshotDeletion	1361	1361	1361	1361
org.apache.hadoop.hdfs.server.namenode.snapshot.TestRenameWithSnapshots	2412	2412	2412	2412
org.apache.hadoop.hdfs.server.namenode.snapshot.TestSnapshot	1070	1070	1070	1070
org.apache.hadoop.hdfs.server.namenode.snapshot.TestSnapshotRename	701.0	1117.0	31.0	182.0
org.apache.hadoop.hdfs.server.namenode.snapshot.TestSnapshotDiffReport	1577.0	3849.0	34.0	301.0
org.apache.hadoop.hdfs.server.namenode.snapshot.TestSnapshotListing	913.0	4031.0	30.0	263.0
org.apache.hadoop.hdfs.server.namenode.snapshot.TestNestedSnapshots	1577.0	5413.0	31.0	378.0
org.apache.hadoop.hdfs.server.namenode.snapshot.TestSnapshotNameWithInvalidCharacters	1102.0	5599.0	22.0	353.0
org.apache.hadoop.hdfs.server.namenode.snapshot.TestXAttrWithSnapshot	2009.0	7464.0	26.0	425.0
org.apache.hadoop.hdfs.server.namenode.snapshot.TestFileContextSnapshot	1563.0	7890.0	23.0	437.0
org.apache.hadoop.hdfs.server.namenode.snapshot.TestDisallowModifyROSnapshot	1720.0	8445.0	24.0	467.0
org.apache.hadoop.hdfs.server.namenode.snapshot.TestSnapshotMetrics	1806.0	9198.0	21.0	493.0
org.apache.hadoop.hdfs.server.namenode.snapshot.TestSnapshotBlocksMap	2687.0	11186.0	29.0	566.0
org.apache.hadoop.hdfs.server.namenode.snapshot.TestINodeFileUnderConstructionWithSnapshot	2725.0	12471.0	29.0	602.0
org.apache.hadoop.hdfs.server.namenode.snapshot.TestSnapshotFileLength	2657.0	13303.0	26.0	643.0
org.apache.hadoop.hdfs.server.namenode.snapshot.TestSnapshotStatsMXBean	2418.0	13559.0	18.0	656.0
org.apache.hadoop.hdfs.server.namenode.snapshot.TestGetContentSummaryWithSnapshot	2604.0	14016.0	21.0	669.0
org.apache.hadoop.hdfs.server.namenode.snapshot.TestOpenFilesWithSnapshot	2884.0	14858.0	24.0	706.0
org.apache.hadoop.hdfs.server.namenode.snapshot.TestCheckpointsWithSnapshots	2784.0	15230.0	20.0	711.0
org.apache.hadoop.hdfs.server.namenode.snapshot.TestSnapshotReplication	3082.0	15997.0	30.0	744.0
org.apache.hadoop.hdfs.server.namenode.snapshot.TestSnapshottableDirListing	3326.0	17042.0	19.0	787.0
org.apache.hadoop.hdfs.server.namenode.snapshot.TestSetQuotaWithSnapshot	3438.0	17794.0	23.0	785.0
org.apache.hadoop.hdfs.server.namenode.snapshot.TestFileWithSnapshotFeature	3382.0	18252.0	23.0	840.0
org.apache.hadoop.hdfs.server.namenode.snapshot.SnapshotTestHelper	4147.0	19746.0	38.0	957.0
org.apache.hadoop.hdfs.server.namenode.snapshot.TestUpdatePipelineWithSnapshots	3567.0	20019.0	17.0	945.0
org.apache.hadoop.hdfs.server.namenode.snapshot.TestSnapshotManager	3571.0	20266.0	22.0	960.0
org.apache.hadoop.hdfs.server.namenode.web.resources.TestWebHdfsDataLocality	767.0	1086.0	29.0	172.0
org.apache.hadoop.hdfs.server.namenode.top.window.TestRollingWindow	135.0	230.0	19.0	43.0
org.apache.hadoop.hdfs.server.namenode.top.window.TestRollingWindowManager	365.0	662.0	27.0	91.0
org.apache.hadoop.hdfs.qjournal.server.TestJournalNodeMXBean	276.0	363.0	20.0	89.0
org.apache.hadoop.hdfs.qjournal.server.TestJournal	962.0	2043.0	26.0	218.0
org.apache.hadoop.hdfs.qjournal.server.TestJournalNode	1291.0	3473.0	31.0	351.0
org.apache.hadoop.hdfs.qjournal.client.TestQuorumJournalManager	992	992	992	992
org.apache.hadoop.hdfs.qjournal.client.TestEpochsAreUnique	364.0	442.0	34.0	118.0
org.apache.hadoop.hdfs.qjournal.client.TestQJMWithFaults	1332.0	2151.0	46.0	330.0
org.apache.hadoop.hdfs.qjournal.client.TestSegmentRecoveryComparator	569.0	2427.0	18.0	312.0
org.apache.hadoop.hdfs.qjournal.client.TestIPCLoggerChannel	896.0	3112.0	37.0	367.0
org.apache.hadoop.hdfs.qjournal.client.TestQuorumCall	831.0	3568.0	31.0	401.0
org.apache.hadoop.hdfs.qjournal.client.TestQuorumJournalManagerUnit	1415.0	4832.0	27.0	430.0
org.apache.hadoop.hdfs.tools.offlineImageViewer.TestOfflineImageViewer	652	652	652	652
org.apache.hadoop.hdfs.tools.offlineImageViewer.TestOfflineImageViewerForXAttr	692.0	995.0	27.0	153.0
org.apache.hadoop.hdfs.tools.offlineImageViewer.TestOfflineImageViewerForContentSummary	940.0	2068.0	24.0	202.0
org.apache.hadoop.hdfs.tools.offlineImageViewer.TestOfflineImageViewerForAcl	1099.0	3003.0	26.0	257.0
org.apache.hadoop.hdfs.tools.offlineEditsViewer.TestOfflineEditsViewer	682.0	1040.0	34.0	210.0
org.apache.hadoop.hdfs.web.resources.TestParam	1153.0	1671.0	25.0	227.0
org.apache.hadoop.hdfs.client.impl.TestBlockReaderLocal	784	784	784	784
org.apache.hadoop.hdfs.client.impl.TestBlockReaderLocalLegacy	692.0	949.0	33.0	166.0
org.apache.hadoop.hdfs.client.impl.TestClientBlockVerification	426.0	1335.0	24.0	213.0
org.apache.hadoop.hdfs.client.impl.TestBlockReaderFactory	1704.0	3475.0	32.0	369.0
org.apache.hadoop.hdfs.client.impl.TestBlockReaderRemote	633.0	3483.0	13.0	348.0
org.apache.hadoop.hdfs.client.impl.BlockReaderTestUtil	1374.0	4460.0	32.0	453.0
org.apache.hadoop.hdfs.client.impl.TestBlockReaderBase	1012.0	4762.0	29.0	461.0
org.apache.hadoop.hdfs.client.impl.TestBlockReaderRemote2	847.0	4788.0	13.0	461.0
org.apache.hadoop.hdfs.security.token.block.TestBlockToken	1189.0	1727.0	36.0	292.0
org.apache.hadoop.hdfs.security.token.block.SecurityTestUtil	295.0	1749.0	18.0	282.0
org.apache.hadoop.hdfs.protocol.datatransfer.TestPacketReceiver	259.0	365.0	25.0	94.0
org.apache.hadoop.hdfs.protocol.datatransfer.sasl.SaslDataTransferTestCase	417.0	501.0	21.0	123.0
org.apache.hadoop.hdfs.protocol.datatransfer.sasl.TestSaslDataTransfer	693.0	1381.0	28.0	260.0
org.apache.hadoop.TestRefreshCallQueue	417.0	523.0	35.0	144.0
org.apache.hadoop.TestGenericRefresh	781.0	1617.0	20.0	200.0
org.apache.hadoop.hbase.wal.TestWALFactory	1000.0	1000.0	1000.0	1000.0
